study_id,score,combo,event_type,event_actuator,event_receiver,elapse_time,distance_between_players,distance_trend,movement_trend
0,0,0,EnemyKill,P2,P2Enemy,0,4.00,Farther,Sideways
0,0,0,EnemyKill,P1,P1Enemy,0,4.00,Farther,Sideways
0,0,0,EnemyKill,P1,P1Enemy,6,5.00,Farther,Away
0,0,0,EnemyKill,P2,P2Enemy,6,5.01,Farther,Sideways
0,0,0,EnemyKill,P2,P2Enemy,6,4.98,Closer,Toward
0,0,0,EnemyKill,P1,P1Enemy,6,4.96,Closer,Toward
0,0,0,Buff,P1,P2Enemy,7,3.94,None,None
0,0,0,EnemyHit,P2,P2Enemy,8,2.13,None,None
0,0,0,EnemyKill,P1,P1Enemy,8,1.99,Closer,Toward
0,0,0,EnemyKill,P2,P2Enemy,8,1.97,Closer,Toward
0,0,0,EnemyHit,P1,P1Enemy,9,0.23,None,None
0,0,0,EnemyHit,P2,P2Enemy,10,0.52,None,None
0,0,0,EnemyHit,P2,P2Enemy,10,1.52,None,None
0,0,0,EnemyKill,P2,P2Enemy,11,1.79,None,None
0,0,0,EnemyHit,P1,P1Enemy,11,1.88,None,None
0,0,0,EnemyHit,P1,P1Enemy,11,1.91,None,None
0,0,0,SecondaryAttack,P2,P2Enemy,11,1.96,None,None
0,0,0,EnemyKill,P1,P1Enemy,11,2.00,Farther,Away
0,0,0,EnemyKill,P2,P2Enemy,11,2.05,Farther,Away
0,0,0,EnemyHit,P2,P2Enemy,11,2.29,None,None
0,0,0,EnemyHit,P2,P2Enemy,11,2.36,None,None
0,0,0,EnemyKill,P1,P1Enemy,12,3.27,None,None
0,0,0,BulletMiss,P2,P2Enemy,12,3.50,None,None
0,0,0,EnemyHit,P2,P2Enemy,13,3.77,None,None
0,0,0,BulletMiss,P2,P2Enemy,13,3.90,None,None
0,0,0,BulletMiss,P2,P2Enemy,13,4.35,None,None
0,0,0,EnemyKill,P1,P1Enemy,14,5.00,Farther,Away
0,0,0,EnemyKill,P2,P2Enemy,14,5.01,Farther,Away
0,0,0,SecondaryAttack,P1,P1Enemy,14,5.16,None,None
0,0,0,EnemyHit,P1,P1Enemy,14,5.26,None,None
0,0,0,EnemyKill,P2,P2Enemy,14,5.25,None,None
0,0,0,EnemyHit,P1,P1Enemy,14,5.27,None,None
0,0,0,EnemyHit,P1,P1Enemy,14,5.28,None,None
0,0,0,EnemyKill,P1,P1Enemy,15,5.00,Closer,Sideways
0,0,0,EnemyKill,P2,P2Enemy,15,4.98,Closer,Toward
0,0,0,BulletMiss,P2,P2Enemy,16,4.19,None,None
0,0,0,EnemyHit,P2,P2Enemy,16,3.66,None,None
0,0,0,BulletMiss,P2,P2Enemy,16,3.45,None,None
0,0,0,EnemyHit,P2,P2Enemy,17,4.04,None,None
0,0,0,EnemyHit,P1,P1Enemy,17,4.39,None,None
0,0,0,BulletMiss,P2,P2Enemy,17,4.67,None,None
0,0,0,BulletMiss,P2,P2Enemy,18,4.96,None,None
0,0,0,EnemyKill,P2,P2Enemy,18,5.00,Farther,Sideways
0,0,0,EnemyKill,P1,P1Enemy,18,5.02,Farther,Away
0,0,0,EnemyHit,P2,P2Enemy,18,5.09,None,None
0,0,0,EnemyKill,P2,P2Enemy,18,5.12,None,None
0,0,0,BulletMiss,P1,P1Enemy,18,5.49,None,None
0,0,0,BulletMiss,P2,P2Enemy,18,5.66,None,None
0,0,0,EnemyHit,P1,P1Enemy,18,5.67,None,None
0,0,0,SecondaryAttack,P1,P1Enemy,19,5.34,None,None
0,0,0,BulletMiss,P2,P2Enemy,19,5.28,None,None
0,0,0,EnemyHit,P1,P1Enemy,19,5.30,None,None
0,0,0,EnemyHit,P1,P1Enemy,19,5.30,None,None
0,0,0,EnemyKill,P1,P1Enemy,19,5.34,None,None
0,0,0,EnemyHit,P2,P2Enemy,20,5.45,None,None
0,0,0,EnemyHit,P2,P2Enemy,20,5.49,None,None
0,0,0,EnemyHit,P2,P2Enemy,20,6.04,None,None
0,0,0,BulletMiss,P2,P2Enemy,20,6.07,None,None
0,0,0,SecondaryAttack,P2,P2Enemy,20,6.07,None,None
0,0,0,EnemyHit,P2,P2Enemy,20,6.27,None,None
0,0,0,BulletMiss,P1,P1Enemy,21,6.96,None,None
0,0,0,EnemyHit,P1,P1Enemy,21,7.74,None,None
0,0,0,EnemyKill,P1,P1Enemy,21,8.01,Farther,Away
0,0,0,EnemyKill,P2,P2Enemy,21,8.02,Farther,Away
0,0,0,Buff,P1,P2Enemy,22,9.13,None,None
0,0,0,BulletMiss,P2,P2Enemy,24,11.07,None,None
0,0,0,SecondaryAttack,P1,P1Enemy,24,11.74,None,None
0,0,0,EnemyKill,P1,P1Enemy,24,11.81,None,None
0,0,0,EnemyKill,P1,P1Enemy,24,11.95,None,None
0,0,0,EnemyHit,P1,P1Enemy,24,12.00,None,None
0,0,0,EnemyHit,P1,P1Enemy,24,12.03,None,None
0,0,0,EnemyHit,P1,P1Enemy,25,12.10,None,None
0,0,0,BulletMiss,P2,P2Enemy,25,12.36,None,None
0,0,0,Buff,P2,P1Enemy,25,12.51,None,None
0,0,0,BulletMiss,P2,P2Enemy,25,12.69,None,None
0,0,0,SecondaryAttack,P2,P2Enemy,26,13.13,None,None
0,0,0,EnemyHit,P2,P2Enemy,26,13.13,None,None
0,0,0,EnemyHit,P2,P2Enemy,26,13.10,None,None
0,0,0,EnemyHit,P2,P2Enemy,26,13.10,None,None
0,0,0,EnemyHit,P2,P2Enemy,26,13.10,None,None
0,0,0,EnemyHit,P2,P2Enemy,27,13.10,None,None
0,0,0,EnemyHit,P2,P2Enemy,27,13.06,None,None
0,0,0,EnemyHit,P1,P1Enemy,27,12.93,None,None
0,0,0,EnemyHit,P2,P2Enemy,28,12.45,None,None
0,0,0,EnemyHit,P2,P2Enemy,28,12.41,None,None
0,0,0,EnemyKill,P1,P1Enemy,28,12.39,None,None
0,0,0,EnemyKill,P2,P2Enemy,28,12.17,None,None
0,0,0,EnemyKill,P2,P2Enemy,29,11.83,None,None
0,0,0,EnemyHit,P1,P1Enemy,29,11.66,None,None
0,0,0,EnemyHit,P1,P1Enemy,29,11.66,None,None
0,0,0,EnemyHit,P2,P2Enemy,29,11.66,None,None
0,0,0,EnemyKill,P2,P2Enemy,30,11.54,None,None
0,0,0,BulletMiss,P1,P1Enemy,30,10.94,None,None
0,0,0,EnemyKill,P2,P2Enemy,30,10.92,None,None
0,0,0,BulletMiss,P2,P2Enemy,30,10.82,None,None
0,0,0,EnemyKill,P1,P1Enemy,31,10.63,None,None
0,0,0,SecondaryAttack,P1,P1Enemy,31,10.74,None,None
0,0,0,EnemyHit,P1,P1Enemy,31,10.66,None,None
0,0,0,EnemyHit,P1,P1Enemy,31,10.64,None,None
0,0,0,EnemyHit,P1,P1Enemy,31,10.63,None,None
0,0,0,EnemyHit,P2,P2Enemy,32,10.33,None,None
0,0,0,EnemyHit,P2,P2Enemy,32,10.26,None,None
0,0,0,EnemyHit,P2,P2Enemy,33,9.74,None,None
0,0,0,EnemyKill,P2,P2Enemy,34,9.42,None,None
0,0,0,EnemyHit,P2,P2Enemy,34,9.50,None,None
0,0,0,BulletMiss,P2,P2Enemy,35,10.16,None,None
0,0,0,EnemyKill,P2,P2Enemy,36,10.67,None,None
0,0,0,SecondaryAttack,P1,P1Enemy,36,11.01,None,None
0,0,0,EnemyHit,P1,P1Enemy,36,11.10,None,None
0,0,0,EnemyHit,P1,P1Enemy,36,11.11,None,None
0,0,0,EnemyHit,P1,P1Enemy,36,11.11,None,None
0,0,0,EnemyKill,P1,P1Enemy,36,11.11,None,None
0,0,0,EnemyHit,P1,P1Enemy,36,11.11,None,None
0,0,0,EnemyHit,P1,P1Enemy,36,11.10,None,None
0,0,0,BulletMiss,P2,P2Enemy,37,11.17,None,None
0,0,0,EnemyHit,P2,P2Enemy,37,11.24,None,None
0,0,0,EnemyKill,P2,P2Enemy,38,11.72,None,None
0,0,0,BulletMiss,P2,P2Enemy,39,12.01,None,None
0,0,0,BulletMiss,P2,P2Enemy,40,12.28,None,None
0,0,0,GettingHit,P1Enemy,P1,40,12.34,None,None
0,0,0,BulletMiss,P2,P2Enemy,40,12.36,None,None
0,0,0,EnemyHit,P2,P2Enemy,41,12.32,None,None
0,0,0,BulletMiss,P2,P2Enemy,41,11.96,None,None
0,0,0,SecondaryAttack,P1,P1Enemy,41,11.95,None,None
0,0,0,EnemyHit,P1,P1Enemy,41,11.93,None,None
0,0,0,EnemyHit,P1,P1Enemy,41,11.81,None,None
0,0,0,EnemyHit,P1,P1Enemy,41,11.77,None,None
0,0,0,EnemyHit,P1,P1Enemy,41,11.75,None,None
0,0,0,EnemyHit,P2,P2Enemy,41,11.77,None,None
0,0,0,EnemyHit,P1,P1Enemy,41,11.74,None,None
0,0,0,SecondaryAttack,P2,P2Enemy,42,11.42,None,None
0,0,0,EnemyHit,P2,P2Enemy,42,11.42,None,None
0,0,0,EnemyHit,P2,P2Enemy,42,11.44,None,None
0,0,0,EnemyKill,P2,P2Enemy,42,11.45,None,None
0,0,0,EnemyHit,P1,P1Enemy,42,11.48,None,None
0,0,0,BulletMiss,P1,P1Enemy,43,11.52,None,None
0,0,0,BulletMiss,P2,P2Enemy,43,11.64,None,None
0,0,0,EnemyHit,P2,P2Enemy,43,11.69,None,None
0,0,0,Nerf,P2,P1Enemy,44,11.32,None,None
0,0,1,EnemyKill,P2,P2Enemy,44,11.20,None,None
0,6,1,EnemyHit,P2,P2Enemy,44,11.38,None,None
0,6,1,EnemyHit,P1,P1Enemy,44,11.43,None,None
0,6,1,EnemyHit,P2,P2Enemy,45,11.57,None,None
0,6,1,BulletMiss,P2,P2Enemy,45,11.88,None,None
0,9,1,BulletMiss,P2,P2Enemy,46,11.88,None,None
0,12,1,EnemyHit,P2,P2Enemy,46,11.84,None,None
0,12,0,EnemyHit,P2,P2Enemy,46,11.85,None,None
0,12,0,SecondaryAttack,P1,P1Enemy,46,11.86,None,None
0,12,1,EnemyKill,P1,P1Enemy,46,11.93,None,None
0,12,2,EnemyKill,P1,P1Enemy,46,11.94,None,None
0,12,3,EnemyKill,P1,P1Enemy,46,11.96,None,None
0,12,3,EnemyHit,P1,P1Enemy,47,11.99,None,None
0,12,3,EnemyHit,P1,P1Enemy,48,12.55,None,None
0,57,0,BulletMiss,P1,P1Enemy,49,12.61,None,None
0,57,0,BulletMiss,P2,P2Enemy,49,12.62,None,None
0,57,0,EnemyHit,P2,P2Enemy,49,12.64,None,None
0,57,0,EnemyHit,P2,P2Enemy,49,12.71,None,None
0,57,1,EnemyKill,P2,P2Enemy,50,12.78,None,None
0,47,0,GettingHit,P1Enemy,P1,51,12.61,None,None
0,47,0,BulletMiss,P2,P2Enemy,51,12.53,None,None
0,47,0,SecondaryAttack,P1,P1Enemy,51,12.28,None,None
0,47,0,EnemyHit,P1,P1Enemy,51,12.26,None,None
0,47,0,EnemyKill,P1,P1Enemy,51,12.24,None,None
0,47,0,EnemyHit,P1,P1Enemy,51,12.14,None,None
0,47,0,EnemyHit,P1,P1Enemy,51,12.11,None,None
0,47,0,EnemyHit,P1,P1Enemy,51,12.11,None,None
0,47,0,EnemyHit,P1,P1Enemy,51,12.11,None,None
0,47,0,EnemyHit,P1,P1Enemy,51,12.09,None,None
0,47,0,EnemyHit,P1,P1Enemy,51,12.09,None,None
0,47,0,EnemyHit,P1,P1Enemy,51,12.09,None,None
0,47,0,EnemyKill,P1,P1Enemy,51,12.06,None,None
0,47,0,BulletMiss,P2,P2Enemy,51,11.95,None,None
0,37,0,GettingHit,P2Enemy,P2,51,11.95,None,None
0,37,0,EnemyHit,P1,P1Enemy,51,11.93,None,None
0,37,0,EnemyHit,P1,P1Enemy,52,11.93,None,None
0,37,0,EnemyHit,P1,P1Enemy,52,11.93,None,None
0,37,0,EnemyHit,P1,P1Enemy,52,11.93,None,None
0,37,0,EnemyHit,P2,P2Enemy,52,11.85,None,None
0,37,0,EnemyKill,P1,P1Enemy,52,11.82,None,None
0,37,0,BulletMiss,P2,P2Enemy,52,11.83,None,None
0,37,0,BulletMiss,P2,P2Enemy,53,11.69,None,None
0,37,0,EnemyHit,P1,P1Enemy,53,11.64,None,None
0,37,0,EnemyKill,P2,P2Enemy,53,11.64,None,None
0,37,0,SecondaryAttack,P2,P2Enemy,54,10.37,None,None
0,37,0,EnemyHit,P2,P2Enemy,55,10.39,None,None
0,43,1,EnemyKill,P2,P2Enemy,55,10.40,None,None
0,43,1,EnemyHit,P2,P2Enemy,55,10.40,None,None
0,43,1,EnemyHit,P2,P2Enemy,55,10.40,None,None
0,43,1,EnemyHit,P2,P2Enemy,55,10.40,None,None
0,43,1,BulletMiss,P2,P2Enemy,55,10.41,None,None
0,43,1,BulletMiss,P2,P2Enemy,55,10.47,None,None
0,43,1,BulletMiss,P2,P2Enemy,56,9.88,None,None
0,43,1,Nerf,P1,P1Enemy,56,9.35,None,None
0,49,1,BulletMiss,P2,P2Enemy,56,9.08,None,None
0,49,2,EnemyKill,P2,P2Enemy,56,9.02,None,None
0,49,2,SecondaryAttack,P1,P1Enemy,57,8.77,None,None
0,49,3,EnemyKill,P2,P2Enemy,57,8.78,None,None
0,49,3,EnemyHit,P1,P1Enemy,57,8.77,None,None
0,49,3,EnemyHit,P1,P1Enemy,57,8.76,None,None
0,49,3,EnemyHit,P1,P1Enemy,57,8.76,None,None
0,49,3,EnemyHit,P1,P1Enemy,57,8.75,None,None
0,49,4,EnemyKill,P1,P1Enemy,57,8.75,None,None
0,49,4,EnemyHit,P1,P1Enemy,57,8.74,None,None
0,49,4,EnemyHit,P1,P1Enemy,57,8.72,None,None
0,49,4,EnemyHit,P1,P1Enemy,57,8.70,None,None
0,49,4,EnemyHit,P1,P1Enemy,57,8.70,None,None
0,49,4,EnemyHit,P1,P1Enemy,57,8.69,None,None
0,49,4,EnemyHit,P1,P1Enemy,57,8.65,None,None
0,49,4,EnemyHit,P2,P2Enemy,57,8.62,None,None
0,49,4,BulletMiss,P2,P2Enemy,58,8.39,None,None
0,73,4,EnemyHit,P2,P2Enemy,58,8.28,None,None
0,73,4,BulletMiss,P2,P2Enemy,59,8.24,None,None
0,97,4,EnemyHit,P1,P1Enemy,59,8.18,None,None
0,97,4,EnemyHit,P2,P2Enemy,59,8.20,None,None
0,109,4,BulletMiss,P2,P2Enemy,59,8.30,None,None
0,109,4,EnemyHit,P2,P2Enemy,59,8.30,None,None
0,109,0,EnemyHit,P2,P2Enemy,59,8.41,None,None
0,109,0,EnemyHit,P2,P2Enemy,59,8.41,None,None
0,109,0,BulletMiss,P2,P2Enemy,60,9.14,None,None
0,109,1,EnemyKill,P2,P2Enemy,60,9.95,None,None
0,109,1,BulletMiss,P2,P2Enemy,60,10.05,None,None
0,109,1,EnemyHit,P2,P2Enemy,60,10.15,None,None
0,109,1,EnemyHit,P1,P1Enemy,61,10.10,None,None
0,109,1,EnemyHit,P1,P1Enemy,61,10.08,None,None
0,109,1,BulletMiss,P2,P2Enemy,62,9.90,None,None
0,115,2,EnemyKill,P2,P2Enemy,62,9.86,None,None
0,115,2,BulletMiss,P1,P1Enemy,63,9.79,None,None
0,115,2,EnemyHit,P2,P2Enemy,63,9.79,None,None
0,127,2,EnemyHit,P2,P2Enemy,64,10.24,None,None
0,127,0,EnemyHit,P2,P2Enemy,65,10.29,None,None
0,127,0,BulletMiss,P1,P1Enemy,65,10.31,None,None
0,127,0,Buff,P2,P2Enemy,66,10.27,None,None
0,127,0,BulletMiss,P2,P2Enemy,66,10.20,None,None
0,127,0,BulletMiss,P2,P2Enemy,67,9.67,None,None
0,127,0,SecondaryAttack,P2,P2Enemy,67,9.65,None,None
0,127,0,BulletMiss,P2,P2Enemy,67,9.65,None,None
0,127,0,EnemyHit,P2,P2Enemy,67,9.65,None,None
0,127,0,EnemyHit,P2,P2Enemy,67,9.66,None,None
0,127,0,EnemyHit,P2,P2Enemy,67,9.67,None,None
0,127,0,EnemyHit,P2,P2Enemy,68,9.69,None,None
0,127,0,EnemyHit,P2,P2Enemy,69,11.06,None,None
0,127,0,Buff,P1,P2Enemy,69,11.27,None,None
0,117,0,GettingHit,P1Enemy,P1,70,12.06,None,None
0,117,0,EnemyHit,P2,P2Enemy,70,12.08,None,None
0,117,0,EnemyKill,P2,P2Enemy,71,13.02,None,None
0,117,0,EnemyHit,P2,P2Enemy,71,13.35,None,None
0,117,0,EnemyHit,P2,P2Enemy,71,13.48,None,None
0,117,0,SecondaryAttack,P1,P1Enemy,71,14.02,None,None
0,117,0,EnemyHit,P1,P1Enemy,71,14.08,None,None
0,117,0,EnemyHit,P1,P1Enemy,71,14.08,None,None
0,117,0,EnemyHit,P1,P1Enemy,71,14.12,None,None
0,117,0,EnemyHit,P1,P1Enemy,71,14.15,None,None
0,117,0,EnemyHit,P1,P1Enemy,71,14.18,None,None
0,117,0,EnemyHit,P1,P1Enemy,71,14.18,None,None
0,117,0,EnemyHit,P1,P1Enemy,71,14.22,None,None
0,117,0,EnemyHit,P1,P1Enemy,71,14.22,None,None
0,117,0,EnemyKill,P1,P1Enemy,71,14.25,None,None
0,117,0,EnemyKill,P1,P1Enemy,71,14.25,None,None
0,117,0,EnemyHit,P1,P1Enemy,71,14.25,None,None
0,117,0,EnemyHit,P1,P1Enemy,71,14.31,None,None
0,117,0,EnemyHit,P1,P1Enemy,72,14.45,None,None
0,117,0,EnemyHit,P1,P1Enemy,72,14.52,None,None
0,117,0,EnemyHit,P1,P1Enemy,72,14.52,None,None
0,117,0,EnemyHit,P1,P1Enemy,72,14.55,None,None
0,117,0,EnemyHit,P2,P2Enemy,72,14.85,None,None
0,117,0,BulletMiss,P2,P2Enemy,72,15.12,None,None
0,117,0,EnemyHit,P1,P1Enemy,72,15.71,None,None
0,117,0,EnemyHit,P1,P1Enemy,72,15.73,None,None
0,117,0,EnemyHit,P1,P1Enemy,72,15.73,None,None
0,117,0,BulletMiss,P2,P2Enemy,72,15.77,None,None
0,117,0,EnemyHit,P2,P2Enemy,73,15.82,None,None
0,117,0,EnemyHit,P2,P2Enemy,73,15.87,None,None
0,117,0,EnemyHit,P2,P2Enemy,73,15.94,None,None
0,107,0,GettingHit,P1Enemy,P1,74,17.52,None,None
0,107,0,EnemyHit,P2,P2Enemy,74,17.58,None,None
0,107,0,EnemyHit,P2,P2Enemy,74,17.73,None,None
0,107,0,EnemyHit,P2,P2Enemy,74,17.73,None,None
0,107,0,EnemyHit,P2,P2Enemy,74,17.86,None,None
0,107,0,EnemyHit,P2,P2Enemy,75,19.26,None,None
0,107,0,EnemyHit,P2,P2Enemy,75,19.52,None,None
0,107,0,EnemyHit,P2,P2Enemy,75,19.52,None,None
0,107,0,EnemyHit,P2,P2Enemy,75,19.60,None,None
0,107,0,EnemyKill,P2,P2Enemy,75,20.16,None,None
0,107,0,EnemyHit,P2,P2Enemy,75,20.29,None,None
0,107,0,EnemyHit,P2,P2Enemy,76,21.65,None,None
0,107,1,EnemyKill,P2,P2Enemy,77,22.92,None,None
0,107,1,EnemyHit,P2,P2Enemy,77,23.18,None,None
0,107,1,EnemyHit,P2,P2Enemy,77,23.26,None,None
0,107,1,EnemyHit,P2,P2Enemy,77,23.26,None,None
0,122,1,BulletMiss,P2,P2Enemy,78,24.05,None,None
0,122,2,EnemyKill,P2,P2Enemy,78,24.24,None,None
0,148,3,EnemyKill,P2,P2Enemy,79,25.24,None,None
0,154,3,EnemyHit,P2,P2Enemy,79,25.47,None,None
0,154,3,EnemyHit,P2,P2Enemy,79,25.69,None,None
0,199,3,EnemyHit,P2,P2Enemy,81,27.04,None,None
0,234,0,GettingHit,P1Enemy,P1,81,27.49,None,None
0,234,0,EnemyHit,P2,P2Enemy,82,27.96,None,None
0,234,0,EnemyHit,P2,P2Enemy,82,27.96,None,None
0,234,0,EnemyHit,P2,P2Enemy,82,28.03,None,None
0,234,0,EnemyHit,P2,P2Enemy,82,28.03,None,None
0,234,0,EnemyHit,P2,P2Enemy,82,28.04,None,None
0,234,0,EnemyHit,P2,P2Enemy,82,28.04,None,None
0,234,0,EnemyHit,P2,P2Enemy,82,28.07,None,None
0,234,0,EnemyHit,P2,P2Enemy,82,28.12,None,None
0,234,0,Nerf,P1,P1Enemy,82,28.25,None,None
0,234,0,EnemyKill,P2,P2Enemy,83,28.34,None,None
0,234,0,BulletMiss,P2,P2Enemy,83,28.36,None,None
0,234,0,EnemyHit,P2,P2Enemy,83,28.41,None,None
0,234,0,SecondaryAttack,P1,P1Enemy,83,28.70,None,None
0,234,0,EnemyKill,P1,P1Enemy,83,28.71,None,None
0,234,0,EnemyKill,P1,P1Enemy,84,28.72,None,None
0,234,0,EnemyKill,P1,P1Enemy,84,28.72,None,None
0,234,0,EnemyHit,P1,P1Enemy,84,28.73,None,None
0,234,0,EnemyHit,P1,P1Enemy,84,28.74,None,None
0,234,0,EnemyHit,P1,P1Enemy,84,28.74,None,None
0,234,0,EnemyHit,P1,P1Enemy,84,28.74,None,None
0,234,0,EnemyHit,P1,P1Enemy,84,28.74,None,None
0,234,0,EnemyHit,P1,P1Enemy,84,28.74,None,None
0,234,0,EnemyKill,P1,P1Enemy,84,28.75,None,None
0,234,0,EnemyHit,P1,P1Enemy,84,28.75,None,None
0,234,0,EnemyHit,P1,P1Enemy,84,28.75,None,None
0,234,0,EnemyHit,P1,P1Enemy,84,28.75,None,None
0,234,0,EnemyHit,P1,P1Enemy,84,28.75,None,None
0,234,0,EnemyHit,P1,P1Enemy,84,28.75,None,None
0,234,0,EnemyHit,P1,P1Enemy,84,28.75,None,None
0,234,0,EnemyHit,P1,P1Enemy,84,28.75,None,None
0,234,0,EnemyHit,P1,P1Enemy,84,28.76,None,None
0,234,0,EnemyHit,P1,P1Enemy,84,28.76,None,None
0,234,0,EnemyHit,P1,P1Enemy,84,28.76,None,None
0,234,0,EnemyHit,P1,P1Enemy,84,28.76,None,None
0,234,0,EnemyHit,P1,P1Enemy,84,28.76,None,None
0,234,0,EnemyHit,P1,P1Enemy,84,28.76,None,None
0,234,0,EnemyKill,P1,P1Enemy,84,28.77,None,None
0,234,0,EnemyHit,P1,P1Enemy,84,28.77,None,None
0,234,0,EnemyHit,P1,P1Enemy,84,28.77,None,None
0,234,0,EnemyHit,P1,P1Enemy,84,28.77,None,None
0,234,0,EnemyHit,P1,P1Enemy,84,28.77,None,None
0,234,0,EnemyHit,P1,P1Enemy,84,28.77,None,None
0,234,0,EnemyHit,P1,P1Enemy,84,28.77,None,None
0,234,0,EnemyHit,P1,P1Enemy,84,28.77,None,None
0,234,0,EnemyHit,P1,P1Enemy,84,28.77,None,None
0,234,0,EnemyHit,P1,P1Enemy,84,28.77,None,None
0,234,0,EnemyHit,P1,P1Enemy,84,28.77,None,None
0,234,0,EnemyHit,P1,P1Enemy,84,28.78,None,None
0,234,0,EnemyHit,P1,P1Enemy,84,28.78,None,None
0,234,0,EnemyHit,P1,P1Enemy,84,28.78,None,None
0,234,0,EnemyHit,P1,P1Enemy,84,28.78,None,None
0,234,0,EnemyHit,P1,P1Enemy,84,28.78,None,None
0,234,0,EnemyHit,P1,P1Enemy,84,28.78,None,None
0,234,0,EnemyHit,P1,P1Enemy,84,28.78,None,None
0,234,0,EnemyKill,P1,P1Enemy,84,28.78,None,None
0,234,0,EnemyKill,P1,P1Enemy,84,28.78,None,None
0,234,0,EnemyHit,P1,P1Enemy,84,28.79,None,None
0,234,0,EnemyHit,P1,P1Enemy,84,28.79,None,None
0,234,0,EnemyHit,P1,P1Enemy,84,28.79,None,None
0,234,0,EnemyHit,P1,P1Enemy,84,28.79,None,None
0,234,0,EnemyHit,P1,P1Enemy,84,28.79,None,None
0,234,0,EnemyKill,P1,P1Enemy,84,28.79,None,None
0,234,0,EnemyHit,P2,P2Enemy,84,28.83,None,None
0,234,0,EnemyHit,P2,P2Enemy,84,28.83,None,None
0,234,0,EnemyHit,P2,P2Enemy,84,28.83,None,None
0,234,0,EnemyHit,P2,P2Enemy,84,28.83,None,None
0,234,0,EnemyHit,P2,P2Enemy,84,28.83,None,None
0,243,0,EnemyHit,P2,P2Enemy,84,28.84,None,None
0,244,0,EnemyHit,P2,P2Enemy,85,28.84,None,None
0,244,0,EnemyHit,P2,P2Enemy,85,28.84,None,None
0,244,0,BulletMiss,P2,P2Enemy,85,29.12,None,None
0,244,0,EnemyHit,P1,P1Enemy,85,29.12,None,None
0,244,0,EnemyHit,P1,P1Enemy,85,29.13,None,None
0,251,1,EnemyKill,P1,P1Enemy,86,29.34,None,None
0,256,1,BulletMiss,P2,P2Enemy,86,29.61,None,None
0,256,1,EnemyHit,P2,P2Enemy,86,30.25,None,None
0,256,1,EnemyHit,P1,P1Enemy,87,30.75,None,None
0,256,2,EnemyKill,P2,P2Enemy,87,31.00,None,None
0,256,3,EnemyKill,P1,P1Enemy,87,31.04,None,None
0,256,3,SecondaryAttack,P2,P2Enemy,87,31.35,None,None
0,256,3,EnemyHit,P2,P2Enemy,87,31.44,None,None
0,256,3,EnemyHit,P2,P2Enemy,87,31.47,None,None
0,256,3,EnemyHit,P2,P2Enemy,87,31.59,None,None
0,265,3,BulletMiss,P2,P2Enemy,88,32.44,None,None
0,265,4,EnemyKill,P2,P2Enemy,88,32.47,None,None
0,265,5,EnemyKill,P1,P1Enemy,88,32.54,None,None
0,265,6,EnemyKill,P1,P1Enemy,88,32.65,None,None
0,265,7,EnemyKill,P2,P2Enemy,88,33.28,None,None
0,265,7,EnemyHit,P2,P2Enemy,89,33.83,None,None
0,342,8,EnemyKill,P1,P1Enemy,89,34.89,None,None
0,342,8,EnemyHit,P1,P1Enemy,90,35.48,None,None
0,342,8,EnemyHit,P1,P1Enemy,90,35.51,None,None
0,342,8,EnemyHit,P1,P1Enemy,90,35.51,None,None
0,342,8,EnemyHit,P1,P1Enemy,90,35.51,None,None
0,342,9,EnemyKill,P2,P2Enemy,90,35.66,None,None
0,360,9,EnemyHit,P1,P1Enemy,90,35.82,None,None
0,504,9,BulletMiss,P2,P2Enemy,91,37.12,None,None
0,504,10,EnemyKill,P2,P2Enemy,91,38.02,None,None
0,534,10,SecondaryAttack,P1,P1Enemy,91,38.42,None,None
0,534,10,EnemyHit,P1,P1Enemy,91,38.57,None,None
0,534,10,EnemyHit,P1,P1Enemy,92,38.60,None,None
0,534,11,EnemyKill,P1,P1Enemy,92,38.66,None,None
0,534,11,EnemyHit,P1,P1Enemy,92,38.72,None,None
0,567,12,EnemyKill,P1,P1Enemy,92,38.78,None,None
0,603,12,BulletMiss,P1,P1Enemy,92,38.83,None,None
0,603,12,EnemyHit,P1,P1Enemy,92,38.84,None,None
0,603,12,EnemyHit,P1,P1Enemy,92,38.84,None,None
0,603,12,EnemyHit,P1,P1Enemy,92,38.96,None,None
0,603,12,EnemyHit,P1,P1Enemy,92,38.96,None,None
0,603,13,EnemyKill,P1,P1Enemy,92,38.99,None,None
0,603,14,EnemyKill,P1,P1Enemy,93,40.03,None,None
0,603,14,BulletMiss,P2,P2Enemy,93,40.21,None,None
0,897,15,EnemyKill,P1,P1Enemy,94,42.06,None,None
0,942,15,EnemyHit,P1,P1Enemy,94,42.44,None,None
0,942,15,EnemyHit,P1,P1Enemy,94,42.65,None,None
0,942,15,EnemyHit,P1,P1Enemy,94,42.65,None,None
0,792,0,GettingHit,P1Enemy,P1,94,43.09,None,None
0,792,0,BulletMiss,P2,P2Enemy,94,43.11,None,None
0,792,0,EnemyKill,P1,P1Enemy,94,43.22,None,None
0,792,0,EnemyHit,P2,P2Enemy,95,43.58,None,None
0,792,0,EnemyHit,P2,P2Enemy,95,43.93,None,None
0,792,0,BulletMiss,P2,P2Enemy,95,44.06,None,None
0,792,0,EnemyHit,P2,P2Enemy,96,45.64,None,None
0,792,0,BulletMiss,P2,P2Enemy,96,45.92,None,None
0,792,0,EnemyHit,P1,P1Enemy,96,46.19,None,None
0,792,0,EnemyHit,P2,P2Enemy,96,46.31,None,None
0,792,0,BulletMiss,P2,P2Enemy,96,46.57,None,None
0,792,0,EnemyHit,P2,P2Enemy,96,46.74,None,None
0,792,0,BulletMiss,P2,P2Enemy,97,47.04,None,None
0,792,0,BulletMiss,P1,P1Enemy,97,46.90,None,None
0,792,0,EnemyHit,P2,P2Enemy,98,46.83,None,None
0,792,0,EnemyHit,P1,P1Enemy,98,46.76,None,None
0,792,0,SecondaryAttack,P2,P2Enemy,98,46.75,None,None
0,792,0,SecondaryAttack,P1,P1Enemy,98,47.09,None,None
0,792,1,EnemyKill,P1,P1Enemy,99,47.19,None,None
0,792,1,EnemyHit,P1,P1Enemy,99,47.19,None,None
0,792,1,EnemyHit,P1,P1Enemy,99,47.34,None,None
0,792,1,EnemyHit,P1,P1Enemy,99,47.43,None,None
0,792,1,BulletMiss,P2,P2Enemy,99,47.45,None,None
0,792,1,EnemyHit,P2,P2Enemy,100,47.88,None,None
0,792,1,EnemyHit,P2,P2Enemy,100,48.24,None,None
0,792,1,EnemyHit,P2,P2Enemy,100,48.36,None,None
0,792,1,EnemyHit,P2,P2Enemy,100,48.36,None,None
0,792,1,EnemyHit,P2,P2Enemy,100,48.36,None,None
0,792,1,EnemyHit,P2,P2Enemy,100,48.36,None,None
0,792,1,EnemyHit,P2,P2Enemy,100,48.44,None,None
0,792,1,EnemyHit,P2,P2Enemy,100,48.46,None,None
0,792,1,EnemyHit,P2,P2Enemy,100,48.56,None,None
0,792,1,EnemyHit,P2,P2Enemy,100,48.61,None,None
0,792,1,EnemyHit,P1,P1Enemy,100,48.64,None,None
0,792,2,EnemyKill,P1,P1Enemy,100,48.64,None,None
0,792,2,BulletMiss,P1,P1Enemy,100,48.68,None,None
0,794,2,EnemyHit,P2,P2Enemy,100,48.70,None,None
0,798,2,EnemyHit,P2,P2Enemy,101,48.73,None,None
0,798,2,BulletMiss,P1,P1Enemy,101,48.89,None,None
0,798,2,BulletMiss,P2,P2Enemy,101,48.91,None,None
0,798,3,EnemyKill,P2,P2Enemy,101,48.98,None,None
0,798,3,BulletMiss,P1,P1Enemy,102,49.02,None,None
0,798,3,BulletMiss,P2,P2Enemy,102,49.05,None,None
0,798,3,Nerf,P2,P2Enemy,102,49.18,None,None
0,798,3,BulletMiss,P2,P2Enemy,102,49.28,None,None
0,807,3,BulletMiss,P1,P1Enemy,103,49.84,None,None
0,807,3,BulletMiss,P1,P1Enemy,103,50.24,None,None
0,825,1,EnemyKill,P2,P2Enemy,103,50.49,None,None
0,825,1,SecondaryAttack,P1,P1Enemy,103,50.52,None,None
0,825,1,EnemyHit,P1,P1Enemy,104,50.58,None,None
0,825,1,EnemyHit,P1,P1Enemy,104,50.75,None,None
0,825,1,EnemyHit,P1,P1Enemy,104,50.75,None,None
0,825,1,EnemyHit,P1,P1Enemy,104,50.75,None,None
0,825,1,EnemyHit,P1,P1Enemy,104,50.78,None,None
0,825,1,BulletMiss,P2,P2Enemy,104,50.90,None,None
0,825,2,EnemyKill,P2,P2Enemy,104,50.92,None,None
0,805,0,GettingHit,P1Enemy,P1,104,51.05,None,None
0,805,0,EnemyKill,P1,P1Enemy,104,51.03,None,None
0,805,0,EnemyHit,P2,P2Enemy,105,50.95,None,None
0,805,0,EnemyHit,P2,P2Enemy,105,50.95,None,None
0,805,0,EnemyKill,P2,P2Enemy,105,50.96,None,None
0,805,0,BulletMiss,P2,P2Enemy,105,51.13,None,None
0,805,0,EnemyKill,P1,P1Enemy,106,51.07,None,None
0,805,0,EnemyKill,P2,P2Enemy,106,51.05,None,None
0,805,0,EnemyKill,P1,P1Enemy,107,50.91,None,None
0,805,0,EnemyKill,P1,P1Enemy,107,50.89,None,None
0,805,0,EnemyHit,P2,P2Enemy,107,50.90,None,None
0,808,1,EnemyKill,P1,P1Enemy,108,50.74,None,None
0,811,2,EnemyKill,P2,P2Enemy,108,50.74,None,None
0,811,2,EnemyHit,P1,P1Enemy,108,50.72,None,None
0,811,2,EnemyHit,P1,P1Enemy,108,50.72,None,None
0,829,2,EnemyHit,P1,P1Enemy,109,50.87,None,None
0,829,2,EnemyHit,P1,P1Enemy,109,50.90,None,None
0,829,2,EnemyHit,P1,P1Enemy,109,50.92,None,None
0,829,2,EnemyHit,P1,P1Enemy,109,50.99,None,None
0,829,2,EnemyHit,P1,P1Enemy,109,51.15,None,None
0,829,2,EnemyHit,P1,P1Enemy,109,51.16,None,None
0,833,2,EnemyHit,P1,P1Enemy,110,51.16,None,None
0,835,2,EnemyHit,P2,P2Enemy,110,51.16,None,None
0,835,2,EnemyHit,P1,P1Enemy,110,51.15,None,None
0,835,2,EnemyHit,P1,P1Enemy,110,51.15,None,None
0,835,2,EnemyHit,P2,P2Enemy,110,51.17,None,None
0,841,0,BulletMiss,P2,P2Enemy,110,51.33,None,None
0,841,0,BulletMiss,P1,P1Enemy,110,51.44,None,None
0,841,0,SecondaryAttack,P1,P1Enemy,110,51.50,None,None
0,841,0,EnemyHit,P1,P1Enemy,111,51.67,None,None
0,841,1,EnemyKill,P1,P1Enemy,111,51.69,None,None
0,841,1,EnemyHit,P1,P1Enemy,111,51.71,None,None
0,841,1,EnemyHit,P1,P1Enemy,111,51.76,None,None
0,841,1,BulletMiss,P2,P2Enemy,111,51.83,None,None
0,841,2,EnemyKill,P2,P2Enemy,111,51.91,None,None
0,841,2,EnemyHit,P2,P2Enemy,112,52.67,None,None
0,841,2,EnemyHit,P2,P2Enemy,112,52.74,None,None
0,841,2,EnemyHit,P2,P2Enemy,112,52.74,None,None
0,841,2,EnemyHit,P2,P2Enemy,112,52.77,None,None
0,841,2,EnemyHit,P2,P2Enemy,112,52.95,None,None
0,841,2,BulletMiss,P1,P1Enemy,112,53.25,None,None
0,841,2,EnemyHit,P2,P2Enemy,112,53.25,None,None
0,841,2,EnemyHit,P1,P1Enemy,112,53.40,None,None
0,841,2,EnemyHit,P2,P2Enemy,112,53.42,None,None
0,841,2,EnemyHit,P2,P2Enemy,112,53.42,None,None
0,841,2,EnemyHit,P2,P2Enemy,112,53.45,None,None
0,841,2,EnemyHit,P2,P2Enemy,112,53.45,None,None
0,841,2,EnemyHit,P2,P2Enemy,112,53.48,None,None
0,841,2,EnemyHit,P1,P1Enemy,112,53.49,None,None
0,841,2,EnemyHit,P2,P2Enemy,112,53.53,None,None
0,841,2,EnemyHit,P2,P2Enemy,112,53.56,None,None
0,841,2,EnemyHit,P2,P2Enemy,112,53.56,None,None
0,841,2,EnemyHit,P2,P2Enemy,112,53.68,None,None
0,841,2,EnemyHit,P2,P2Enemy,112,53.78,None,None
0,841,2,EnemyHit,P2,P2Enemy,112,53.78,None,None
0,859,0,BulletMiss,P2,P2Enemy,113,54.28,None,None
0,859,0,SecondaryAttack,P2,P2Enemy,114,55.34,None,None
0,859,0,EnemyHit,P1,P1Enemy,114,55.51,None,None
0,859,0,EnemyHit,P2,P2Enemy,114,55.63,None,None
0,859,0,EnemyHit,P2,P2Enemy,114,55.65,None,None
0,859,0,EnemyHit,P2,P2Enemy,114,55.68,None,None
0,859,0,EnemyHit,P2,P2Enemy,114,55.68,None,None
0,859,1,EnemyKill,P2,P2Enemy,114,55.70,None,None
0,859,1,EnemyHit,P2,P2Enemy,114,55.75,None,None
0,859,1,EnemyHit,P2,P2Enemy,114,55.75,None,None
0,859,1,EnemyHit,P1,P1Enemy,114,55.85,None,None
0,859,2,EnemyKill,P2,P2Enemy,114,55.92,None,None
0,859,2,BulletMiss,P2,P2Enemy,114,56.35,None,None
0,859,2,BulletMiss,P1,P1Enemy,115,56.70,None,None
0,859,2,EnemyHit,P2,P2Enemy,115,56.75,None,None
0,859,2,BulletMiss,P2,P2Enemy,115,56.83,None,None
0,859,2,SecondaryAttack,P1,P1Enemy,115,57.17,None,None
0,859,2,EnemyHit,P1,P1Enemy,115,57.20,None,None
0,859,2,EnemyHit,P1,P1Enemy,115,57.21,None,None
0,859,2,BulletMiss,P2,P2Enemy,115,57.24,None,None
0,859,2,EnemyHit,P1,P1Enemy,116,57.25,None,None
0,859,2,EnemyHit,P1,P1Enemy,116,57.26,None,None
0,859,2,EnemyHit,P1,P1Enemy,116,57.28,None,None
0,859,2,EnemyHit,P1,P1Enemy,116,57.28,None,None
0,859,3,EnemyKill,P1,P1Enemy,116,57.36,None,None
0,859,3,EnemyHit,P1,P1Enemy,116,57.38,None,None
0,859,3,EnemyHit,P1,P1Enemy,116,57.38,None,None
0,829,0,GettingHit,P1Enemy,P1,116,57.40,None,None
0,829,0,EnemyHit,P1,P1Enemy,116,57.53,None,None
0,829,0,EnemyHit,P1,P1Enemy,116,57.53,None,None
0,829,0,EnemyHit,P2,P2Enemy,116,57.60,None,None
0,829,0,EnemyHit,P2,P2Enemy,116,57.75,None,None
0,829,0,BulletMiss,P2,P2Enemy,117,58.29,None,None
0,829,0,EnemyHit,P2,P2Enemy,117,58.29,None,None
0,829,0,EnemyHit,P2,P2Enemy,117,58.29,None,None
0,829,0,EnemyHit,P2,P2Enemy,117,58.29,None,None
0,829,0,EnemyHit,P2,P2Enemy,117,58.30,None,None
0,829,0,BulletMiss,P2,P2Enemy,118,58.32,None,None
0,829,0,EnemyHit,P2,P2Enemy,118,58.32,None,None
0,829,0,EnemyKill,P2,P2Enemy,118,58.34,None,None
0,829,1,EnemyKill,P2,P2Enemy,119,58.48,None,None
0,829,1,BulletMiss,P1,P1Enemy,120,58.56,None,None
0,829,1,EnemyHit,P2,P2Enemy,120,58.56,None,None
0,833,1,Buff,P1,P2Enemy,120,58.58,None,None
0,835,2,EnemyKill,P2,P2Enemy,120,58.64,None,None
0,835,2,SecondaryAttack,P1,P1Enemy,121,58.68,None,None
0,835,2,EnemyHit,P1,P1Enemy,121,58.68,None,None
0,835,2,EnemyHit,P1,P1Enemy,121,58.69,None,None
0,835,2,EnemyHit,P2,P2Enemy,121,58.71,None,None
0,835,2,EnemyHit,P1,P1Enemy,121,58.69,None,None
0,835,2,EnemyHit,P1,P1Enemy,121,58.68,None,None
0,835,2,EnemyHit,P1,P1Enemy,121,58.68,None,None
0,835,2,EnemyHit,P1,P1Enemy,121,58.68,None,None
0,835,2,EnemyHit,P2,P2Enemy,121,58.69,None,None
0,835,2,EnemyHit,P2,P2Enemy,121,58.69,None,None
0,835,3,EnemyKill,P1,P1Enemy,121,58.67,None,None
0,835,3,EnemyHit,P1,P1Enemy,121,58.67,None,None
0,835,3,EnemyHit,P1,P1Enemy,121,58.67,None,None
0,835,4,EnemyKill,P1,P1Enemy,121,58.66,None,None
0,835,4,EnemyHit,P1,P1Enemy,121,58.66,None,None
0,835,4,EnemyHit,P1,P1Enemy,121,58.65,None,None
0,835,4,EnemyHit,P1,P1Enemy,121,58.65,None,None
0,835,4,EnemyHit,P1,P1Enemy,121,58.65,None,None
0,835,4,EnemyHit,P1,P1Enemy,121,58.65,None,None
0,835,4,EnemyHit,P1,P1Enemy,121,58.65,None,None
0,835,4,EnemyHit,P1,P1Enemy,121,58.64,None,None
0,835,4,EnemyHit,P1,P1Enemy,121,58.64,None,None
0,835,4,EnemyHit,P1,P1Enemy,121,58.64,None,None
0,835,4,EnemyHit,P1,P1Enemy,121,58.64,None,None
0,835,4,EnemyHit,P2,P2Enemy,121,58.64,None,None
0,835,4,EnemyHit,P1,P1Enemy,121,58.61,None,None
0,835,4,EnemyHit,P2,P2Enemy,121,58.62,None,None
0,847,4,EnemyHit,P2,P2Enemy,122,58.49,None,None
0,847,4,EnemyHit,P2,P2Enemy,122,58.49,None,None
0,847,4,EnemyHit,P2,P2Enemy,122,58.49,None,None
0,847,4,EnemyHit,P2,P2Enemy,122,58.49,None,None
0,847,4,EnemyHit,P2,P2Enemy,122,58.48,None,None
0,847,4,EnemyHit,P2,P2Enemy,122,58.48,None,None
0,847,4,EnemyHit,P2,P2Enemy,122,58.48,None,None
0,847,4,EnemyHit,P2,P2Enemy,122,58.47,None,None
0,847,4,EnemyHit,P2,P2Enemy,122,58.47,None,None
0,847,4,EnemyHit,P2,P2Enemy,122,58.47,None,None
0,847,4,EnemyHit,P2,P2Enemy,122,58.47,None,None
0,847,4,EnemyHit,P2,P2Enemy,122,58.47,None,None
0,855,4,EnemyHit,P2,P2Enemy,122,58.46,None,None
0,855,4,EnemyHit,P2,P2Enemy,122,58.46,None,None
0,855,4,EnemyHit,P2,P2Enemy,122,58.45,None,None
0,855,5,EnemyKill,P1,P1Enemy,122,58.43,None,None
0,860,5,BulletMiss,P2,P2Enemy,122,58.44,None,None
0,860,5,EnemyHit,P2,P2Enemy,123,58.40,None,None
0,860,5,EnemyHit,P2,P2Enemy,123,58.37,None,None
0,920,5,SecondaryAttack,P2,P2Enemy,124,58.28,None,None
0,926,0,EnemyHit,P2,P2Enemy,125,58.27,None,None
0,926,0,EnemyHit,P2,P2Enemy,125,58.27,None,None
0,926,0,SecondaryAttack,P1,P1Enemy,126,58.33,None,None
0,926,1,EnemyKill,P1,P1Enemy,126,58.31,None,None
0,926,2,EnemyKill,P1,P1Enemy,126,58.28,None,None
0,926,2,EnemyHit,P1,P1Enemy,126,58.26,None,None
0,926,2,EnemyHit,P1,P1Enemy,126,58.25,None,None
0,926,2,EnemyHit,P1,P1Enemy,126,58.23,None,None
0,926,2,EnemyHit,P1,P1Enemy,126,58.23,None,None
0,926,2,EnemyHit,P1,P1Enemy,126,58.23,None,None
0,926,2,EnemyHit,P1,P1Enemy,126,58.23,None,None
0,926,2,EnemyHit,P1,P1Enemy,126,58.21,None,None
0,926,2,EnemyHit,P1,P1Enemy,126,58.21,None,None
0,926,2,EnemyHit,P1,P1Enemy,126,58.19,None,None
0,926,2,EnemyHit,P1,P1Enemy,126,58.19,None,None
0,926,2,EnemyHit,P1,P1Enemy,126,58.19,None,None
0,926,2,EnemyHit,P1,P1Enemy,126,58.19,None,None
0,926,2,EnemyHit,P1,P1Enemy,126,58.17,None,None
0,926,2,EnemyHit,P1,P1Enemy,126,58.17,None,None
0,926,2,EnemyHit,P1,P1Enemy,126,58.15,None,None
0,926,2,EnemyHit,P1,P1Enemy,126,58.13,None,None
0,926,2,EnemyHit,P1,P1Enemy,126,58.03,None,None
0,926,2,EnemyHit,P1,P1Enemy,126,58.03,None,None
0,926,2,EnemyHit,P1,P1Enemy,126,58.03,None,None
0,944,1,EnemyKill,P2,P2Enemy,128,56.15,None,None
0,944,1,EnemyHit,P2,P2Enemy,128,55.85,None,None
0,944,1,EnemyHit,P1,P1Enemy,129,55.67,None,None
0,944,1,EnemyHit,P1,P1Enemy,129,55.66,None,None
0,944,1,EnemyHit,P1,P1Enemy,129,55.66,None,None
0,944,1,EnemyHit,P1,P1Enemy,129,55.64,None,None
0,944,1,EnemyHit,P1,P1Enemy,129,55.64,None,None
0,934,0,GettingHit,P1Enemy,P1,129,55.38,None,None
0,934,0,EnemyHit,P1,P1Enemy,129,55.33,None,None
0,934,0,EnemyHit,P2,P2Enemy,129,55.29,None,None
0,934,0,EnemyHit,P1,P1Enemy,129,55.29,None,None
0,934,0,EnemyHit,P1,P1Enemy,130,55.26,None,None
0,934,0,EnemyHit,P1,P1Enemy,130,55.26,None,None
0,934,0,EnemyHit,P1,P1Enemy,130,55.25,None,None
0,934,0,EnemyHit,P1,P1Enemy,130,55.19,None,None
0,934,0,EnemyHit,P1,P1Enemy,130,55.17,None,None
0,934,0,EnemyHit,P1,P1Enemy,130,55.17,None,None
0,934,0,EnemyHit,P1,P1Enemy,130,55.08,None,None
0,934,0,EnemyHit,P1,P1Enemy,130,55.08,None,None
0,934,0,EnemyHit,P1,P1Enemy,130,55.08,None,None
0,934,0,EnemyHit,P1,P1Enemy,130,55.05,None,None
0,934,0,EnemyHit,P1,P1Enemy,130,55.05,None,None
0,934,0,EnemyHit,P1,P1Enemy,130,55.05,None,None
0,934,0,EnemyHit,P1,P1Enemy,130,55.05,None,None
0,934,0,EnemyHit,P1,P1Enemy,130,55.03,None,None
0,934,0,EnemyHit,P1,P1Enemy,130,55.00,None,None
0,934,0,EnemyHit,P1,P1Enemy,130,55.00,None,None
0,934,0,EnemyHit,P2,P2Enemy,130,54.94,None,None
0,934,0,EnemyHit,P1,P1Enemy,130,54.87,None,None
0,934,0,EnemyHit,P1,P1Enemy,130,54.49,None,None
0,934,0,EnemyHit,P1,P1Enemy,130,54.41,None,None
0,934,0,EnemyHit,P1,P1Enemy,130,54.41,None,None
0,934,0,EnemyHit,P1,P1Enemy,130,54.33,None,None
0,934,0,EnemyKill,P1,P1Enemy,131,54.06,None,None
0,934,0,EnemyHit,P2,P2Enemy,131,53.84,None,None
0,934,0,EnemyKill,P2,P2Enemy,131,53.84,None,None
0,934,0,EnemyHit,P2,P2Enemy,131,53.80,None,None
0,934,0,EnemyHit,P2,P2Enemy,131,53.73,None,None
0,934,0,EnemyHit,P2,P2Enemy,132,53.11,None,None
0,934,0,EnemyHit,P2,P2Enemy,132,53.06,None,None
0,934,0,EnemyHit,P2,P2Enemy,132,53.04,None,None
0,934,0,EnemyHit,P2,P2Enemy,132,53.04,None,None
0,934,0,EnemyHit,P2,P2Enemy,132,53.01,None,None
0,934,0,EnemyHit,P2,P2Enemy,132,53.01,None,None
0,934,0,EnemyHit,P2,P2Enemy,132,53.01,None,None
0,934,0,EnemyHit,P2,P2Enemy,132,52.98,None,None
0,934,0,EnemyHit,P2,P2Enemy,132,52.98,None,None
0,934,0,EnemyHit,P2,P2Enemy,132,52.98,None,None
0,934,0,EnemyHit,P2,P2Enemy,132,52.98,None,None
0,934,0,EnemyHit,P2,P2Enemy,132,52.98,None,None
0,934,0,EnemyHit,P2,P2Enemy,132,52.96,None,None
0,934,0,EnemyHit,P2,P2Enemy,132,52.96,None,None
0,934,0,EnemyHit,P2,P2Enemy,132,52.93,None,None
0,934,0,EnemyHit,P2,P2Enemy,132,52.93,None,None
0,934,0,EnemyHit,P2,P2Enemy,132,52.91,None,None
0,934,0,EnemyKill,P2,P2Enemy,132,52.83,None,None
0,934,0,EnemyHit,P2,P2Enemy,132,52.83,None,None
0,934,0,EnemyHit,P2,P2Enemy,132,52.83,None,None
0,934,0,EnemyHit,P2,P2Enemy,132,52.80,None,None
0,934,0,EnemyHit,P2,P2Enemy,132,52.80,None,None
0,934,0,EnemyHit,P2,P2Enemy,133,52.19,None,None
0,934,0,EnemyHit,P2,P2Enemy,133,52.09,None,None
0,934,0,EnemyHit,P2,P2Enemy,133,52.02,None,None
0,934,0,EnemyHit,P2,P2Enemy,133,51.99,None,None
0,934,0,EnemyHit,P2,P2Enemy,133,51.99,None,None
0,939,0,EnemyHit,P2,P2Enemy,133,51.92,None,None
0,939,0,EnemyHit,P2,P2Enemy,133,51.92,None,None
0,940,0,EnemyHit,P2,P2Enemy,133,51.85,None,None
0,940,1,EnemyKill,P2,P2Enemy,133,51.77,None,None
0,940,1,EnemyHit,P2,P2Enemy,133,51.69,None,None
0,946,1,EnemyHit,P2,P2Enemy,133,51.63,None,None
0,946,2,EnemyKill,P2,P2Enemy,134,50.94,None,None
0,952,2,SecondaryAttack,P2,P2Enemy,134,50.82,None,None
0,952,2,EnemyHit,P2,P2Enemy,134,50.73,None,None
0,952,2,EnemyHit,P2,P2Enemy,134,50.71,None,None
0,952,2,EnemyHit,P2,P2Enemy,134,50.69,None,None
0,952,2,EnemyHit,P2,P2Enemy,134,50.69,None,None
0,952,2,EnemyHit,P2,P2Enemy,134,50.69,None,None
0,952,2,EnemyHit,P2,P2Enemy,134,50.68,None,None
0,952,2,EnemyHit,P2,P2Enemy,134,50.68,None,None
0,952,2,SecondaryAttack,P1,P1Enemy,134,50.65,None,None
0,952,2,EnemyHit,P1,P1Enemy,134,50.64,None,None
0,952,2,EnemyHit,P2,P2Enemy,134,50.66,None,None
0,952,2,EnemyHit,P2,P2Enemy,134,50.66,None,None
0,952,2,EnemyHit,P2,P2Enemy,134,50.66,None,None
0,952,2,EnemyHit,P2,P2Enemy,134,50.65,None,None
0,952,2,EnemyHit,P2,P2Enemy,134,50.65,None,None
0,952,2,EnemyHit,P2,P2Enemy,134,50.65,None,None
0,952,2,EnemyHit,P1,P1Enemy,134,50.62,None,None
0,952,2,EnemyHit,P2,P2Enemy,134,50.65,None,None
0,952,2,EnemyHit,P2,P2Enemy,134,50.63,None,None
0,952,2,EnemyHit,P1,P1Enemy,134,50.61,None,None
0,952,2,EnemyHit,P1,P1Enemy,134,50.61,None,None
0,952,2,EnemyHit,P1,P1Enemy,135,50.59,None,None
0,952,2,EnemyHit,P2,P2Enemy,135,50.61,None,None
0,952,2,EnemyHit,P1,P1Enemy,135,50.59,None,None
0,952,2,EnemyHit,P1,P1Enemy,135,50.59,None,None
0,952,2,EnemyHit,P1,P1Enemy,135,50.59,None,None
0,952,2,EnemyHit,P2,P2Enemy,135,50.61,None,None
0,952,2,EnemyHit,P2,P2Enemy,135,50.61,None,None
0,952,2,EnemyHit,P2,P2Enemy,135,50.61,None,None
0,952,2,EnemyHit,P2,P2Enemy,135,50.61,None,None
0,952,2,EnemyHit,P2,P2Enemy,135,50.61,None,None
0,952,3,EnemyKill,P1,P1Enemy,135,50.57,None,None
0,952,3,EnemyHit,P1,P1Enemy,135,50.57,None,None
0,952,3,EnemyHit,P2,P2Enemy,135,50.60,None,None
0,952,3,EnemyHit,P1,P1Enemy,135,50.57,None,None
0,952,3,EnemyHit,P1,P1Enemy,135,50.57,None,None
0,952,3,EnemyHit,P1,P1Enemy,135,50.57,None,None
0,952,3,EnemyHit,P1,P1Enemy,135,50.57,None,None
0,952,3,EnemyHit,P2,P2Enemy,135,50.60,None,None
0,952,3,EnemyHit,P2,P2Enemy,135,50.60,None,None
0,952,3,EnemyHit,P1,P1Enemy,135,50.57,None,None
0,952,3,EnemyHit,P2,P2Enemy,135,50.60,None,None
0,952,3,EnemyHit,P2,P2Enemy,135,50.60,None,None
0,922,0,GettingHit,P1Enemy,P1,135,50.56,None,None
0,922,0,EnemyHit,P1,P1Enemy,135,50.56,None,None
0,922,0,EnemyHit,P1,P1Enemy,135,50.56,None,None
0,922,0,EnemyHit,P2,P2Enemy,135,50.58,None,None
0,922,0,EnemyHit,P2,P2Enemy,135,50.58,None,None
0,922,0,EnemyHit,P2,P2Enemy,135,50.58,None,None
0,922,0,EnemyHit,P1,P1Enemy,135,50.56,None,None
0,922,0,EnemyHit,P1,P1Enemy,135,50.56,None,None
0,922,0,EnemyHit,P1,P1Enemy,135,50.56,None,None
0,922,0,EnemyHit,P1,P1Enemy,135,50.56,None,None
0,922,0,EnemyKill,P1,P1Enemy,135,50.55,None,None
0,922,0,EnemyHit,P2,P2Enemy,135,50.57,None,None
0,922,0,EnemyHit,P2,P2Enemy,135,50.57,None,None
0,922,0,EnemyHit,P1,P1Enemy,135,50.55,None,None
0,922,0,EnemyHit,P1,P1Enemy,135,50.55,None,None
0,922,0,EnemyHit,P1,P1Enemy,135,50.55,None,None
0,922,0,EnemyHit,P1,P1Enemy,135,50.55,None,None
0,922,0,EnemyHit,P2,P2Enemy,135,50.56,None,None
0,922,0,EnemyHit,P2,P2Enemy,135,50.56,None,None
0,922,0,EnemyHit,P1,P1Enemy,135,50.54,None,None
0,922,0,EnemyHit,P1,P1Enemy,135,50.54,None,None
0,922,0,EnemyHit,P2,P2Enemy,135,50.56,None,None
0,922,0,EnemyHit,P2,P2Enemy,135,50.56,None,None
0,922,0,EnemyHit,P1,P1Enemy,135,50.53,None,None
0,922,0,EnemyHit,P1,P1Enemy,135,50.53,None,None
0,922,0,EnemyHit,P1,P1Enemy,135,50.53,None,None
0,922,0,EnemyHit,P1,P1Enemy,135,50.53,None,None
0,922,0,EnemyHit,P1,P1Enemy,135,50.53,None,None
0,922,0,EnemyHit,P1,P1Enemy,135,50.53,None,None
0,922,0,EnemyHit,P2,P2Enemy,135,50.54,None,None
0,922,0,EnemyHit,P2,P2Enemy,135,50.54,None,None
0,922,0,EnemyHit,P1,P1Enemy,135,50.52,None,None
0,922,0,EnemyHit,P1,P1Enemy,135,50.52,None,None
0,922,0,EnemyHit,P2,P2Enemy,135,50.54,None,None
0,922,0,EnemyHit,P2,P2Enemy,135,50.54,None,None
0,922,0,EnemyHit,P2,P2Enemy,135,50.54,None,None
0,922,0,EnemyHit,P2,P2Enemy,135,50.54,None,None
0,922,0,EnemyHit,P1,P1Enemy,135,50.51,None,None
0,922,0,EnemyHit,P2,P2Enemy,135,50.53,None,None
0,922,0,EnemyHit,P2,P2Enemy,135,50.53,None,None
0,922,0,EnemyHit,P1,P1Enemy,135,50.51,None,None
0,922,0,EnemyHit,P2,P2Enemy,135,50.53,None,None
0,922,0,EnemyHit,P2,P2Enemy,135,50.53,None,None
0,922,0,EnemyHit,P1,P1Enemy,135,50.51,None,None
0,922,0,EnemyHit,P1,P1Enemy,135,50.51,None,None
0,922,0,EnemyHit,P2,P2Enemy,135,50.52,None,None
0,922,0,EnemyHit,P2,P2Enemy,135,50.52,None,None
0,922,0,EnemyHit,P2,P2Enemy,135,50.52,None,None
0,922,0,EnemyHit,P2,P2Enemy,135,50.52,None,None
0,922,0,EnemyHit,P1,P1Enemy,135,50.51,None,None
0,922,0,EnemyHit,P1,P1Enemy,135,50.50,None,None
0,922,0,EnemyHit,P1,P1Enemy,135,50.50,None,None
0,922,0,EnemyHit,P1,P1Enemy,135,50.50,None,None
0,922,0,EnemyHit,P1,P1Enemy,135,50.50,None,None
0,922,0,EnemyHit,P1,P1Enemy,135,50.50,None,None
0,922,0,EnemyHit,P2,P2Enemy,135,50.51,None,None
0,922,0,EnemyHit,P2,P2Enemy,135,50.51,None,None
0,922,0,EnemyHit,P2,P2Enemy,135,50.50,None,None
0,922,0,EnemyHit,P2,P2Enemy,135,50.50,None,None
0,922,0,EnemyHit,P2,P2Enemy,135,50.47,None,None
0,922,0,EnemyHit,P2,P2Enemy,135,50.47,None,None
0,922,0,EnemyHit,P2,P2Enemy,135,50.47,None,None
0,922,0,EnemyHit,P1,P1Enemy,135,50.43,None,None
0,922,0,EnemyHit,P2,P2Enemy,135,50.42,None,None
0,922,0,EnemyHit,P2,P2Enemy,135,50.42,None,None
0,922,0,EnemyHit,P2,P2Enemy,136,49.84,None,None
0,922,0,Nerf,P2,P2Enemy,136,49.48,None,None
0,922,0,EnemyKill,P2,P2Enemy,136,49.44,None,None
0,922,1,EnemyKill,P2,P2Enemy,138,48.89,None,None
0,915,0,GettingHit,P1Enemy,P1,139,48.74,None,None
0,915,0,EnemyHit,P2,P2Enemy,139,48.64,None,None
0,915,0,EnemyHit,P2,P2Enemy,139,48.63,None,None
0,915,0,EnemyHit,P2,P2Enemy,139,48.61,None,None
0,915,0,EnemyHit,P2,P2Enemy,140,48.56,None,None
0,915,0,EnemyHit,P2,P2Enemy,140,48.55,None,None
0,915,0,EnemyHit,P2,P2Enemy,140,48.55,None,None
0,915,0,EnemyHit,P2,P2Enemy,140,48.54,None,None
0,915,0,EnemyHit,P2,P2Enemy,140,48.54,None,None
0,915,0,EnemyHit,P2,P2Enemy,140,48.51,None,None
0,915,0,EnemyHit,P2,P2Enemy,140,48.50,None,None
0,915,0,EnemyHit,P2,P2Enemy,140,48.50,None,None
0,915,0,EnemyHit,P2,P2Enemy,140,48.48,None,None
0,915,0,EnemyHit,P2,P2Enemy,140,48.48,None,None
0,915,0,EnemyHit,P2,P2Enemy,140,48.48,None,None
0,915,0,EnemyHit,P2,P2Enemy,140,48.46,None,None
0,915,0,EnemyHit,P2,P2Enemy,140,48.43,None,None
0,915,0,EnemyKill,P2,P2Enemy,140,48.43,None,None
0,915,0,EnemyKill,P2,P2Enemy,140,48.41,None,None
0,905,0,GettingHit,P2Enemy,P2,140,48.39,None,None
0,905,0,SecondaryAttack,P1,P1Enemy,140,48.23,None,None
0,905,0,EnemyHit,P1,P1Enemy,140,48.21,None,None
0,905,0,EnemyHit,P1,P1Enemy,140,48.21,None,None
0,905,0,EnemyHit,P1,P1Enemy,140,48.18,None,None
0,905,0,EnemyHit,P1,P1Enemy,140,48.17,None,None
0,905,0,EnemyHit,P1,P1Enemy,140,48.17,None,None
0,905,0,EnemyHit,P1,P1Enemy,140,48.17,None,None
0,905,0,EnemyHit,P1,P1Enemy,140,48.17,None,None
0,905,0,EnemyHit,P1,P1Enemy,140,48.17,None,None
0,905,0,EnemyHit,P1,P1Enemy,140,48.17,None,None
0,905,0,EnemyHit,P1,P1Enemy,140,48.16,None,None
0,905,0,EnemyHit,P1,P1Enemy,140,48.16,None,None
0,905,0,EnemyHit,P1,P1Enemy,140,48.16,None,None
0,905,0,EnemyHit,P1,P1Enemy,140,48.16,None,None
0,905,0,EnemyHit,P1,P1Enemy,140,48.16,None,None
0,905,0,EnemyHit,P1,P1Enemy,140,48.16,None,None
0,905,0,EnemyHit,P1,P1Enemy,140,48.16,None,None
0,905,0,EnemyHit,P1,P1Enemy,140,48.16,None,None
0,905,0,EnemyHit,P1,P1Enemy,140,48.16,None,None
0,905,0,EnemyHit,P1,P1Enemy,140,48.16,None,None
0,905,0,EnemyHit,P1,P1Enemy,140,48.16,None,None
0,905,0,EnemyHit,P1,P1Enemy,140,48.16,None,None
0,905,0,EnemyKill,P1,P1Enemy,140,48.16,None,None
0,905,0,EnemyHit,P1,P1Enemy,140,48.16,None,None
0,905,0,EnemyHit,P1,P1Enemy,140,48.16,None,None
0,905,0,EnemyHit,P1,P1Enemy,140,48.16,None,None
0,905,0,EnemyKill,P1,P1Enemy,140,48.16,None,None
0,905,0,EnemyKill,P1,P1Enemy,140,48.16,None,None
0,905,0,EnemyKill,P1,P1Enemy,140,48.16,None,None
0,905,0,EnemyHit,P1,P1Enemy,140,48.16,None,None
0,905,0,EnemyHit,P1,P1Enemy,140,48.16,None,None
0,905,0,EnemyHit,P1,P1Enemy,140,48.16,None,None
0,905,0,EnemyHit,P1,P1Enemy,140,48.16,None,None
0,905,0,EnemyHit,P1,P1Enemy,140,48.16,None,None
0,905,0,EnemyHit,P1,P1Enemy,140,48.16,None,None
0,905,0,EnemyHit,P1,P1Enemy,140,48.16,None,None
0,905,0,EnemyHit,P1,P1Enemy,140,48.16,None,None
0,905,0,EnemyKill,P1,P1Enemy,140,48.16,None,None
0,905,0,EnemyHit,P1,P1Enemy,140,48.16,None,None
0,905,0,EnemyHit,P1,P1Enemy,140,48.16,None,None
0,905,0,EnemyHit,P1,P1Enemy,140,48.16,None,None
0,905,0,EnemyHit,P1,P1Enemy,140,48.16,None,None
0,905,0,EnemyHit,P1,P1Enemy,140,48.16,None,None
0,905,0,EnemyHit,P1,P1Enemy,140,48.16,None,None
0,905,0,EnemyHit,P1,P1Enemy,140,48.16,None,None
0,905,0,EnemyHit,P1,P1Enemy,140,48.16,None,None
0,905,0,EnemyHit,P1,P1Enemy,140,48.16,None,None
0,905,0,EnemyHit,P2,P2Enemy,140,48.18,None,None
0,905,0,EnemyHit,P1,P1Enemy,140,48.16,None,None
0,905,0,EnemyHit,P1,P1Enemy,140,48.16,None,None
0,905,0,EnemyHit,P1,P1Enemy,140,48.16,None,None
0,905,0,EnemyHit,P1,P1Enemy,140,48.16,None,None
0,905,0,EnemyHit,P1,P1Enemy,140,48.16,None,None
0,905,0,EnemyHit,P1,P1Enemy,140,48.16,None,None
0,905,0,EnemyHit,P1,P1Enemy,141,48.17,None,None
0,905,0,EnemyKill,P2,P2Enemy,141,48.18,None,None
0,905,0,EnemyHit,P1,P1Enemy,141,48.17,None,None
0,905,0,EnemyHit,P1,P1Enemy,141,48.17,None,None
0,905,0,EnemyKill,P2,P2Enemy,141,48.02,None,None
0,905,1,EnemyKill,P1,P1Enemy,142,47.83,None,None
0,895,0,GettingHit,P1Enemy,P1,142,47.80,None,None
0,895,0,EnemyHit,P1,P1Enemy,142,47.76,None,None
0,895,0,EnemyHit,P1,P1Enemy,142,47.73,None,None
0,895,0,EnemyHit,P1,P1Enemy,142,47.73,None,None
0,895,0,EnemyHit,P1,P1Enemy,143,47.70,None,None
0,895,0,EnemyHit,P1,P1Enemy,143,47.70,None,None
0,895,0,EnemyHit,P1,P1Enemy,143,47.64,None,None
0,895,0,EnemyHit,P1,P1Enemy,143,47.61,None,None
0,895,0,EnemyHit,P2,P2Enemy,143,47.62,None,None
0,895,0,EnemyHit,P1,P1Enemy,143,47.58,None,None
0,895,0,EnemyHit,P2,P2Enemy,143,47.51,None,None
0,904,1,EnemyKill,P2,P2Enemy,144,47.36,None,None
0,904,1,EnemyHit,P1,P1Enemy,144,47.32,None,None
0,904,1,EnemyHit,P1,P1Enemy,144,47.31,None,None
0,904,1,EnemyHit,P1,P1Enemy,144,47.31,None,None
0,904,1,EnemyHit,P1,P1Enemy,144,47.31,None,None
0,904,1,EnemyHit,P1,P1Enemy,144,47.31,None,None
0,904,1,EnemyHit,P1,P1Enemy,144,47.25,None,None
0,904,1,EnemyHit,P1,P1Enemy,144,47.25,None,None
0,904,1,EnemyHit,P1,P1Enemy,144,47.23,None,None
0,904,1,EnemyHit,P1,P1Enemy,144,47.19,None,None
0,904,1,EnemyHit,P1,P1Enemy,144,47.12,None,None
0,904,1,EnemyHit,P1,P1Enemy,144,47.12,None,None
0,904,1,EnemyHit,P1,P1Enemy,144,47.12,None,None
0,904,1,EnemyHit,P1,P1Enemy,144,47.12,None,None
0,904,1,EnemyHit,P1,P1Enemy,144,47.08,None,None
0,904,1,EnemyHit,P1,P1Enemy,144,47.08,None,None
0,904,1,EnemyHit,P1,P1Enemy,144,47.03,None,None
0,904,1,EnemyHit,P1,P1Enemy,144,47.03,None,None
0,904,1,EnemyHit,P1,P1Enemy,144,47.03,None,None
0,904,1,EnemyHit,P1,P1Enemy,144,47.03,None,None
0,904,1,EnemyHit,P1,P1Enemy,144,47.03,None,None
0,904,1,EnemyHit,P1,P1Enemy,144,47.03,None,None
0,904,1,EnemyHit,P1,P1Enemy,144,46.90,None,None
0,904,1,EnemyHit,P1,P1Enemy,144,46.90,None,None
0,904,1,EnemyHit,P1,P1Enemy,144,46.85,None,None
0,904,1,EnemyHit,P1,P1Enemy,144,46.85,None,None
0,904,1,EnemyHit,P1,P1Enemy,144,46.80,None,None
0,904,1,EnemyHit,P1,P1Enemy,145,46.52,None,None
0,904,2,EnemyKill,P2,P2Enemy,145,46.54,None,None
0,904,2,EnemyHit,P1,P1Enemy,145,46.01,None,None
0,904,2,EnemyHit,P1,P1Enemy,145,45.82,None,None
0,904,2,EnemyHit,P1,P1Enemy,145,45.82,None,None
0,904,2,EnemyHit,P1,P1Enemy,145,45.68,None,None
0,904,2,EnemyHit,P1,P1Enemy,145,45.68,None,None
0,904,2,EnemyHit,P1,P1Enemy,145,45.45,None,None
0,904,2,EnemyHit,P1,P1Enemy,145,45.36,None,None
0,904,2,EnemyHit,P1,P1Enemy,145,45.36,None,None
0,904,2,EnemyHit,P1,P1Enemy,145,45.27,None,None
0,904,2,EnemyHit,P1,P1Enemy,145,45.22,None,None
0,904,2,EnemyHit,P1,P1Enemy,145,45.22,None,None
0,904,2,EnemyHit,P1,P1Enemy,145,45.08,None,None
0,904,2,EnemyHit,P1,P1Enemy,145,44.98,None,None
0,904,2,EnemyHit,P1,P1Enemy,145,44.98,None,None
0,904,2,EnemyHit,P1,P1Enemy,146,44.61,None,None
0,904,2,EnemyHit,P1,P1Enemy,146,44.61,None,None
0,904,2,EnemyHit,P1,P1Enemy,146,44.37,None,None
0,884,0,GettingHit,P1Enemy,P1,146,44.37,None,None
0,884,0,EnemyHit,P2,P2Enemy,146,44.07,None,None
0,884,0,EnemyHit,P1,P1Enemy,146,44.05,None,None
0,884,0,EnemyHit,P1,P1Enemy,146,43.96,None,None
0,884,0,EnemyHit,P1,P1Enemy,146,43.96,None,None
0,884,0,EnemyHit,P2,P2Enemy,146,43.18,None,None
0,884,0,EnemyHit,P2,P2Enemy,146,43.13,None,None
0,884,0,EnemyHit,P2,P2Enemy,146,43.13,None,None
0,884,0,EnemyHit,P2,P2Enemy,146,43.04,None,None
0,884,0,EnemyHit,P2,P2Enemy,146,42.90,None,None
0,884,0,EnemyHit,P2,P2Enemy,147,42.76,None,None
0,884,0,EnemyKill,P2,P2Enemy,147,42.58,None,None
0,884,0,EnemyHit,P2,P2Enemy,147,42.40,None,None
0,884,0,EnemyHit,P2,P2Enemy,147,42.40,None,None
0,884,0,EnemyHit,P2,P2Enemy,147,42.36,None,None
0,884,0,EnemyHit,P2,P2Enemy,147,42.32,None,None
0,884,0,EnemyHit,P2,P2Enemy,147,42.32,None,None
0,884,0,EnemyHit,P2,P2Enemy,147,42.27,None,None
0,884,0,EnemyHit,P2,P2Enemy,147,42.19,None,None
0,884,0,EnemyHit,P2,P2Enemy,147,42.14,None,None
0,884,0,EnemyHit,P2,P2Enemy,147,42.14,None,None
0,884,0,EnemyHit,P2,P2Enemy,147,42.10,None,None
0,884,0,EnemyHit,P2,P2Enemy,147,42.01,None,None
0,884,0,EnemyHit,P2,P2Enemy,147,42.01,None,None
0,884,0,Nerf,P1,P1Enemy,147,41.90,None,None
0,884,0,EnemyHit,P2,P2Enemy,147,41.89,None,None
0,884,0,EnemyKill,P2,P2Enemy,147,41.80,None,None
0,884,0,EnemyHit,P2,P2Enemy,147,41.67,None,None
0,884,0,EnemyHit,P2,P2Enemy,147,41.41,None,None
0,884,0,SecondaryAttack,P1,P1Enemy,147,41.09,None,None
0,884,0,EnemyKill,P1,P1Enemy,147,41.00,None,None
0,884,0,EnemyHit,P1,P1Enemy,147,41.00,None,None
0,884,0,EnemyKill,P1,P1Enemy,148,40.96,None,None
0,884,0,EnemyHit,P1,P1Enemy,148,40.96,None,None
0,884,0,EnemyHit,P1,P1Enemy,148,40.91,None,None
0,884,0,EnemyHit,P1,P1Enemy,148,40.91,None,None
0,884,0,EnemyHit,P2,P2Enemy,148,40.94,None,None
0,884,0,EnemyHit,P1,P1Enemy,148,40.91,None,None
0,884,0,EnemyKill,P1,P1Enemy,148,40.87,None,None
0,884,0,EnemyKill,P2,P2Enemy,148,40.89,None,None
0,884,0,EnemyHit,P2,P2Enemy,148,40.89,None,None
0,884,0,EnemyHit,P2,P2Enemy,148,40.89,None,None
0,884,0,EnemyHit,P1,P1Enemy,148,40.78,None,None
0,884,0,EnemyHit,P1,P1Enemy,148,40.65,None,None
0,884,0,EnemyHit,P1,P1Enemy,148,40.65,None,None
0,884,0,EnemyHit,P1,P1Enemy,148,40.65,None,None
0,884,0,EnemyHit,P1,P1Enemy,148,40.65,None,None
0,884,0,EnemyHit,P1,P1Enemy,148,40.65,None,None
0,884,0,EnemyHit,P2,P2Enemy,148,40.59,None,None
0,884,0,EnemyHit,P1,P1Enemy,148,40.57,None,None
0,884,0,EnemyHit,P2,P2Enemy,148,40.46,None,None
0,884,0,EnemyHit,P1,P1Enemy,148,40.44,None,None
0,884,0,EnemyHit,P1,P1Enemy,148,40.44,None,None
0,884,0,EnemyHit,P1,P1Enemy,148,40.39,None,None
0,884,0,EnemyHit,P1,P1Enemy,148,40.26,None,None
0,884,0,EnemyHit,P1,P1Enemy,148,40.26,None,None
0,884,0,EnemyHit,P1,P1Enemy,148,40.22,None,None
0,884,0,EnemyHit,P1,P1Enemy,148,40.22,None,None
0,884,0,EnemyHit,P1,P1Enemy,148,40.17,None,None
0,884,0,EnemyHit,P1,P1Enemy,148,40.17,None,None
0,884,0,EnemyHit,P1,P1Enemy,148,40.13,None,None
0,884,0,SecondaryAttack,P2,P2Enemy,148,39.98,None,None
0,884,0,EnemyKill,P2,P2Enemy,148,39.85,None,None
0,884,0,EnemyKill,P2,P2Enemy,148,39.76,None,None
0,884,0,EnemyKill,P2,P2Enemy,148,39.76,None,None
0,884,0,EnemyHit,P2,P2Enemy,148,39.68,None,None
0,884,0,EnemyHit,P2,P2Enemy,148,39.64,None,None
0,884,0,EnemyHit,P2,P2Enemy,148,39.55,None,None
0,884,0,EnemyHit,P2,P2Enemy,148,39.51,None,None
0,884,0,EnemyKill,P2,P2Enemy,148,39.51,None,None
0,884,0,EnemyKill,P2,P2Enemy,148,39.47,None,None
0,884,0,EnemyHit,P2,P2Enemy,148,39.43,None,None
0,884,0,EnemyHit,P2,P2Enemy,148,39.43,None,None
0,884,0,EnemyHit,P2,P2Enemy,148,39.39,None,None
0,884,0,EnemyHit,P2,P2Enemy,148,39.39,None,None
0,884,0,EnemyHit,P2,P2Enemy,148,39.35,None,None
0,884,0,EnemyHit,P2,P2Enemy,148,39.35,None,None
0,884,0,EnemyHit,P2,P2Enemy,148,39.35,None,None
0,884,0,EnemyHit,P2,P2Enemy,149,39.22,None,None
0,884,0,EnemyHit,P2,P2Enemy,149,39.18,None,None
0,884,0,EnemyHit,P2,P2Enemy,149,39.18,None,None
0,884,0,BulletMiss,P2,P2Enemy,149,39.10,None,None
0,884,0,EnemyHit,P2,P2Enemy,149,39.02,None,None
0,884,0,EnemyHit,P2,P2Enemy,149,39.02,None,None
0,885,1,EnemyKill,P1,P1Enemy,149,38.62,None,None
0,885,1,EnemyHit,P2,P2Enemy,149,38.29,None,None
0,885,1,EnemyHit,P1,P1Enemy,149,38.23,None,None
0,885,1,BulletMiss,P2,P2Enemy,149,38.21,None,None
0,885,1,EnemyHit,P1,P1Enemy,149,38.19,None,None
0,885,1,EnemyHit,P1,P1Enemy,149,38.19,None,None
0,885,1,EnemyHit,P1,P1Enemy,149,38.11,None,None
0,885,1,EnemyHit,P1,P1Enemy,149,38.11,None,None
0,885,1,EnemyHit,P1,P1Enemy,149,38.11,None,None
0,885,1,EnemyHit,P1,P1Enemy,149,38.03,None,None
0,885,1,EnemyHit,P1,P1Enemy,149,38.03,None,None
0,885,1,EnemyHit,P1,P1Enemy,149,38.03,None,None
0,885,1,EnemyHit,P1,P1Enemy,149,38.03,None,None
0,886,1,EnemyHit,P1,P1Enemy,149,37.99,None,None
0,886,1,EnemyHit,P1,P1Enemy,149,37.95,None,None
0,886,2,EnemyKill,P2,P2Enemy,149,37.97,None,None
0,886,2,EnemyHit,P1,P1Enemy,149,37.80,None,None
0,886,2,EnemyHit,P1,P1Enemy,149,37.80,None,None
0,886,2,EnemyHit,P1,P1Enemy,149,37.72,None,None
0,886,2,EnemyHit,P1,P1Enemy,149,37.68,None,None
0,886,2,EnemyHit,P1,P1Enemy,149,37.68,None,None
0,886,2,EnemyHit,P1,P1Enemy,150,37.44,None,None
0,910,2,EnemyHit,P2,P2Enemy,150,36.88,None,None
0,910,3,EnemyKill,P1,P1Enemy,150,36.71,None,None
0,913,3,EnemyHit,P2,P2Enemy,150,36.29,None,None
0,925,3,EnemyHit,P2,P2Enemy,150,36.15,None,None
0,925,3,EnemyHit,P2,P2Enemy,150,36.15,None,None
0,943,3,EnemyHit,P2,P2Enemy,151,35.93,None,None
0,943,4,EnemyKill,P1,P1Enemy,151,35.60,None,None
0,955,5,EnemyKill,P2,P2Enemy,151,34.85,None,None
0,960,6,EnemyKill,P2,P2Enemy,151,34.65,None,None
0,972,7,EnemyKill,P2,P2Enemy,152,34.23,None,None
0,993,8,EnemyKill,P1,P1Enemy,153,33.24,None,None
0,993,8,EnemyHit,P1,P1Enemy,153,33.24,None,None
0,993,8,EnemyHit,P1,P1Enemy,153,33.21,None,None
0,993,8,EnemyHit,P1,P1Enemy,153,33.21,None,None
0,993,8,EnemyHit,P1,P1Enemy,153,33.09,None,None
0,993,8,EnemyHit,P1,P1Enemy,153,33.06,None,None
0,993,8,EnemyHit,P1,P1Enemy,153,33.03,None,None
0,993,8,EnemyHit,P1,P1Enemy,153,33.03,None,None
0,993,8,EnemyHit,P1,P1Enemy,153,33.01,None,None
0,993,8,EnemyHit,P1,P1Enemy,153,33.01,None,None
0,993,9,EnemyKill,P2,P2Enemy,153,32.96,None,None
0,1020,10,EnemyKill,P1,P1Enemy,153,32.87,None,None
0,1030,10,EnemyHit,P2,P2Enemy,153,32.85,None,None
0,1110,11,EnemyKill,P1,P1Enemy,154,32.67,None,None
0,1143,12,EnemyKill,P1,P1Enemy,154,32.59,None,None
0,1143,12,EnemyHit,P2,P2Enemy,154,32.53,None,None
0,1143,12,EnemyHit,P2,P2Enemy,154,32.50,None,None
0,1143,12,EnemyHit,P2,P2Enemy,154,32.48,None,None
0,1155,13,EnemyKill,P2,P2Enemy,155,32.36,None,None
0,1168,14,EnemyKill,P1,P1Enemy,155,32.26,None,None
0,1210,15,EnemyKill,P2,P2Enemy,156,32.52,None,None
0,1210,16,EnemyKill,P1,P1Enemy,156,32.54,None,None
0,1258,16,BulletMiss,P1,P1Enemy,156,32.65,None,None
0,1258,16,BulletMiss,P2,P2Enemy,156,32.68,None,None
0,1306,17,EnemyKill,P2,P2Enemy,156,32.85,None,None
0,1306,17,EnemyHit,P2,P2Enemy,156,32.85,None,None
0,1306,17,BulletMiss,P1,P1Enemy,157,32.86,None,None
0,1306,17,EnemyHit,P2,P2Enemy,157,32.87,None,None
0,1306,18,EnemyKill,P2,P2Enemy,157,32.87,None,None
0,1306,18,EnemyHit,P1,P1Enemy,157,32.87,None,None
0,1360,18,EnemyHit,P1,P1Enemy,157,32.89,None,None
0,1414,18,EnemyHit,P1,P1Enemy,157,32.90,None,None
0,1414,18,EnemyHit,P1,P1Enemy,157,32.90,None,None
0,1414,18,SecondaryAttack,P1,P1Enemy,157,32.90,None,None
0,1414,18,EnemyHit,P1,P1Enemy,157,32.90,None,None
0,1414,18,EnemyHit,P1,P1Enemy,158,32.91,None,None
0,1414,18,EnemyHit,P1,P1Enemy,158,32.92,None,None
0,1414,19,EnemyKill,P2,P2Enemy,158,32.93,None,None
0,1490,19,BulletMiss,P2,P2Enemy,158,32.94,None,None
0,1490,20,EnemyKill,P2,P2Enemy,158,32.95,None,None
0,1610,20,EnemyHit,P2,P2Enemy,159,33.05,None,None
0,1610,20,EnemyHit,P1,P1Enemy,159,33.03,None,None
0,1610,20,BulletMiss,P1,P1Enemy,159,33.07,None,None
0,1610,20,EnemyHit,P2,P2Enemy,159,33.08,None,None
0,1610,20,EnemyHit,P2,P2Enemy,160,33.10,None,None
0,1610,20,EnemyHit,P2,P2Enemy,160,33.10,None,None
0,1610,20,EnemyHit,P2,P2Enemy,160,33.10,None,None
0,1670,21,EnemyKill,P2,P2Enemy,160,33.10,None,None
0,1691,21,EnemyHit,P1,P1Enemy,161,33.07,None,None
0,1691,21,BulletMiss,P1,P1Enemy,161,33.08,None,None
0,1691,21,EnemyHit,P2,P2Enemy,161,33.08,None,None
0,1691,21,EnemyHit,P2,P2Enemy,161,33.07,None,None
0,1691,21,EnemyHit,P2,P2Enemy,161,33.07,None,None
0,1691,22,EnemyKill,P2,P2Enemy,162,33.06,None,None
0,1691,22,EnemyHit,P2,P2Enemy,162,33.05,None,None
0,1757,23,EnemyKill,P1,P1Enemy,162,33.02,None,None
0,1757,23,EnemyHit,P1,P1Enemy,162,33.02,None,None
0,1757,24,EnemyKill,P2,P2Enemy,163,33.03,None,None
0,1757,24,EnemyHit,P1,P1Enemy,163,32.99,None,None
0,1757,24,EnemyHit,P1,P1Enemy,163,32.99,None,None
0,1757,24,EnemyHit,P1,P1Enemy,163,32.98,None,None
0,1757,24,SecondaryAttack,P1,P1Enemy,163,32.97,None,None
0,1757,24,EnemyHit,P1,P1Enemy,163,32.97,None,None
0,1757,24,BulletMiss,P1,P1Enemy,163,32.98,None,None
0,1757,24,EnemyHit,P2,P2Enemy,163,32.97,None,None
0,1757,25,EnemyKill,P1,P1Enemy,163,32.94,None,None
0,1757,25,EnemyHit,P1,P1Enemy,163,32.94,None,None
0,1757,25,EnemyHit,P1,P1Enemy,163,32.93,None,None
0,1757,25,EnemyHit,P2,P2Enemy,164,32.91,None,None
0,1982,25,BulletMiss,P1,P1Enemy,164,32.91,None,None
0,1982,25,EnemyHit,P1,P1Enemy,164,32.92,None,None
0,1982,25,EnemyHit,P1,P1Enemy,164,32.94,None,None
0,1982,25,EnemyHit,P1,P1Enemy,164,32.94,None,None
0,1982,25,EnemyHit,P1,P1Enemy,164,32.96,None,None
0,1982,25,SecondaryAttack,P2,P2Enemy,165,33.16,None,None
0,2132,25,EnemyHit,P2,P2Enemy,165,33.24,None,None
0,2132,25,EnemyHit,P2,P2Enemy,165,33.26,None,None
0,2132,25,BulletMiss,P1,P1Enemy,165,33.28,None,None
0,2132,26,EnemyKill,P1,P1Enemy,165,33.28,None,None
0,2132,26,EnemyHit,P2,P2Enemy,165,33.31,None,None
0,2132,26,EnemyHit,P2,P2Enemy,165,33.31,None,None
0,2132,26,EnemyHit,P2,P2Enemy,165,33.32,None,None
0,2132,26,EnemyHit,P2,P2Enemy,165,33.32,None,None
0,2132,26,EnemyHit,P2,P2Enemy,165,33.32,None,None
0,2132,26,EnemyHit,P2,P2Enemy,165,33.32,None,None
0,2132,26,EnemyHit,P2,P2Enemy,165,33.32,None,None
0,2132,26,EnemyHit,P2,P2Enemy,165,33.32,None,None
0,2132,26,EnemyHit,P1,P1Enemy,165,33.30,None,None
0,2132,26,EnemyHit,P2,P2Enemy,165,33.31,None,None
0,2132,26,EnemyHit,P1,P1Enemy,165,33.29,None,None
0,2132,26,EnemyHit,P1,P1Enemy,165,33.29,None,None
0,2132,26,EnemyHit,P1,P1Enemy,165,33.29,None,None
0,2132,26,EnemyHit,P1,P1Enemy,165,33.28,None,None
0,2132,26,EnemyHit,P1,P1Enemy,165,33.27,None,None
0,2132,26,EnemyHit,P1,P1Enemy,165,33.26,None,None
0,2132,26,EnemyHit,P1,P1Enemy,165,33.26,None,None
0,2132,26,EnemyHit,P1,P1Enemy,165,33.25,None,None
0,2132,26,EnemyHit,P1,P1Enemy,165,33.25,None,None
0,2132,26,EnemyHit,P1,P1Enemy,165,33.24,None,None
0,2288,26,EnemyHit,P1,P1Enemy,165,33.23,None,None
0,2288,26,EnemyHit,P1,P1Enemy,165,33.23,None,None
0,2288,26,EnemyHit,P1,P1Enemy,166,33.38,None,None
0,2288,26,EnemyHit,P1,P1Enemy,166,33.39,None,None
0,2288,26,EnemyHit,P1,P1Enemy,166,33.39,None,None
0,2288,26,EnemyHit,P1,P1Enemy,166,33.40,None,None
0,2288,26,EnemyHit,P1,P1Enemy,166,33.40,None,None
0,2288,26,EnemyHit,P1,P1Enemy,166,33.40,None,None
0,2288,26,EnemyHit,P1,P1Enemy,166,33.40,None,None
0,2288,26,EnemyHit,P1,P1Enemy,166,33.40,None,None
0,2288,26,EnemyHit,P1,P1Enemy,166,33.40,None,None
0,2288,26,BulletMiss,P1,P1Enemy,166,33.41,None,None
0,2288,26,EnemyHit,P1,P1Enemy,166,33.40,None,None
0,2288,26,EnemyHit,P1,P1Enemy,166,33.38,None,None
0,2288,26,EnemyHit,P1,P1Enemy,166,33.38,None,None
0,2288,26,EnemyHit,P2,P2Enemy,166,33.18,None,None
0,2288,26,EnemyHit,P2,P2Enemy,166,33.15,None,None
0,2288,26,EnemyHit,P2,P2Enemy,166,33.12,None,None
0,2288,26,EnemyHit,P2,P2Enemy,166,33.12,None,None
0,2288,26,EnemyHit,P2,P2Enemy,166,33.10,None,None
0,2288,26,EnemyHit,P2,P2Enemy,166,33.10,None,None
0,2288,26,EnemyHit,P2,P2Enemy,166,33.07,None,None
0,2288,26,EnemyHit,P2,P2Enemy,166,33.07,None,None
0,2288,26,EnemyHit,P2,P2Enemy,166,33.04,None,None
0,2288,26,EnemyHit,P2,P2Enemy,166,33.04,None,None
0,2288,26,EnemyHit,P2,P2Enemy,166,33.04,None,None
0,2288,26,EnemyHit,P2,P2Enemy,167,33.01,None,None
0,2288,26,EnemyHit,P2,P2Enemy,167,33.01,None,None
0,2288,26,EnemyHit,P2,P2Enemy,167,33.01,None,None
0,2288,26,EnemyHit,P2,P2Enemy,167,33.01,None,None
0,2288,27,EnemyKill,P1,P1Enemy,167,32.99,None,None
0,2288,27,EnemyHit,P2,P2Enemy,167,32.88,None,None
0,2288,27,EnemyHit,P2,P2Enemy,167,32.88,None,None
0,2288,27,EnemyHit,P2,P2Enemy,167,32.82,None,None
0,2288,27,EnemyHit,P2,P2Enemy,167,32.82,None,None
0,2288,27,EnemyHit,P2,P2Enemy,167,32.75,None,None
0,2288,27,EnemyHit,P2,P2Enemy,167,32.75,None,None
0,2288,28,EnemyKill,P2,P2Enemy,167,32.68,None,None
0,2288,28,EnemyHit,P2,P2Enemy,167,32.65,None,None
0,2288,28,EnemyHit,P2,P2Enemy,167,32.54,None,None
0,2288,28,EnemyHit,P2,P2Enemy,167,32.54,None,None
0,2288,28,EnemyHit,P2,P2Enemy,167,32.33,None,None
0,2372,28,EnemyHit,P2,P2Enemy,167,32.14,None,None
0,2372,28,EnemyHit,P2,P2Enemy,167,32.14,None,None
0,2092,0,GettingHit,P1Enemy,P1,167,31.84,None,None
0,2092,0,EnemyHit,P2,P2Enemy,167,31.79,None,None
0,2092,0,EnemyHit,P2,P2Enemy,167,31.73,None,None
0,2092,0,EnemyHit,P2,P2Enemy,167,31.73,None,None
0,2092,0,EnemyHit,P1,P1Enemy,168,31.52,None,None
0,2092,0,EnemyKill,P1,P1Enemy,168,31.48,None,None
0,2092,0,EnemyHit,P2,P2Enemy,168,31.46,None,None
0,2092,0,BulletMiss,P2,P2Enemy,168,31.19,None,None
0,2092,0,EnemyHit,P1,P1Enemy,168,30.65,None,None
0,2092,0,EnemyHit,P2,P2Enemy,168,30.43,None,None
0,2092,0,EnemyHit,P2,P2Enemy,168,30.03,None,None
0,2092,0,EnemyHit,P2,P2Enemy,169,29.27,None,None
0,2092,0,EnemyHit,P2,P2Enemy,169,29.24,None,None
0,2092,0,BulletMiss,P2,P2Enemy,169,29.16,None,None
0,2092,0,SecondaryAttack,P1,P1Enemy,170,28.79,None,None
0,2092,0,EnemyHit,P1,P1Enemy,170,28.71,None,None
0,2092,0,SecondaryAttack,P2,P2Enemy,170,28.67,None,None
0,2092,0,EnemyHit,P1,P1Enemy,170,28.62,None,None
0,2092,0,EnemyHit,P2,P2Enemy,170,28.49,None,None
0,2092,0,EnemyHit,P1,P1Enemy,170,28.47,None,None
0,2092,0,EnemyHit,P1,P1Enemy,170,28.47,None,None
0,2092,0,BulletMiss,P2,P2Enemy,170,28.45,None,None
0,2092,0,EnemyKill,P1,P1Enemy,170,28.43,None,None
0,2092,0,EnemyHit,P1,P1Enemy,170,28.43,None,None
0,2092,0,EnemyKill,P2,P2Enemy,170,28.45,None,None
0,2092,0,EnemyHit,P1,P1Enemy,170,28.43,None,None
0,2092,0,EnemyHit,P1,P1Enemy,170,28.43,None,None
0,2092,0,EnemyKill,P2,P2Enemy,170,28.45,None,None
0,2092,0,EnemyHit,P1,P1Enemy,170,28.39,None,None
0,2092,0,EnemyHit,P1,P1Enemy,170,28.39,None,None
0,2092,0,EnemyHit,P1,P1Enemy,170,28.39,None,None
0,2092,0,EnemyHit,P1,P1Enemy,170,28.39,None,None
0,2092,0,EnemyKill,P1,P1Enemy,170,28.35,None,None
0,2092,0,EnemyKill,P1,P1Enemy,170,28.35,None,None
0,2092,0,EnemyHit,P1,P1Enemy,170,28.35,None,None
0,2092,0,EnemyKill,P1,P1Enemy,170,28.35,None,None
0,2092,0,EnemyHit,P1,P1Enemy,170,28.31,None,None
0,2092,0,EnemyHit,P1,P1Enemy,170,28.31,None,None
0,2092,0,EnemyHit,P1,P1Enemy,170,28.31,None,None
0,2092,0,EnemyHit,P2,P2Enemy,170,28.29,None,None
0,2092,0,EnemyHit,P1,P1Enemy,170,28.23,None,None
0,2092,0,EnemyHit,P1,P1Enemy,170,28.23,None,None
0,2092,0,EnemyHit,P1,P1Enemy,170,28.19,None,None
0,2092,0,EnemyHit,P1,P1Enemy,170,28.19,None,None
0,2092,0,EnemyKill,P2,P2Enemy,170,28.17,None,None
0,2092,0,EnemyKill,P2,P2Enemy,170,28.17,None,None
0,2092,0,EnemyHit,P1,P1Enemy,170,28.10,None,None
0,2092,0,EnemyHit,P1,P1Enemy,170,28.06,None,None
0,2092,0,EnemyHit,P1,P1Enemy,170,27.81,None,None
0,2092,0,EnemyHit,P2,P2Enemy,170,27.38,None,None
0,2092,0,EnemyHit,P2,P2Enemy,171,27.05,None,None
0,2092,1,EnemyKill,P2,P2Enemy,171,26.48,None,None
0,2116,1,EnemyHit,P1,P1Enemy,173,24.76,None,None
0,2119,0,Buff,P2,P2Enemy,173,24.61,None,None
0,2119,0,EnemyHit,P2,P2Enemy,173,24.61,None,None
0,2122,0,EnemyHit,P1,P1Enemy,174,24.58,None,None
0,2122,0,EnemyHit,P1,P1Enemy,174,24.57,None,None
0,2122,0,EnemyHit,P2,P2Enemy,175,24.15,None,None
0,2122,0,EnemyHit,P2,P2Enemy,175,24.09,None,None
0,2122,0,EnemyHit,P2,P2Enemy,175,24.09,None,None
0,2122,0,EnemyHit,P2,P2Enemy,175,24.08,None,None
0,2122,0,EnemyHit,P2,P2Enemy,175,24.08,None,None
0,2122,0,EnemyHit,P2,P2Enemy,175,24.08,None,None
0,2122,0,EnemyHit,P2,P2Enemy,175,24.08,None,None
0,2122,0,EnemyHit,P2,P2Enemy,175,24.07,None,None
0,2122,0,EnemyHit,P2,P2Enemy,175,24.07,None,None
0,2122,0,EnemyHit,P2,P2Enemy,175,24.07,None,None
0,2122,0,EnemyHit,P2,P2Enemy,175,24.07,None,None
0,2122,0,SecondaryAttack,P1,P1Enemy,175,24.08,None,None
0,2122,0,EnemyHit,P2,P2Enemy,175,24.09,None,None
0,2122,0,EnemyHit,P2,P2Enemy,175,24.09,None,None
0,2122,0,EnemyHit,P1,P1Enemy,175,24.17,None,None
0,2122,0,EnemyHit,P1,P1Enemy,175,24.26,None,None
0,2122,0,EnemyHit,P1,P1Enemy,175,24.28,None,None
0,2122,0,EnemyHit,P1,P1Enemy,175,24.28,None,None
0,2122,0,EnemyHit,P1,P1Enemy,175,24.28,None,None
0,2122,0,EnemyHit,P2,P2Enemy,175,24.27,None,None
0,2122,0,EnemyHit,P1,P1Enemy,175,24.28,None,None
0,2122,0,EnemyHit,P1,P1Enemy,175,24.28,None,None
0,2122,0,EnemyHit,P1,P1Enemy,175,24.28,None,None
0,2122,0,EnemyHit,P1,P1Enemy,175,24.28,None,None
0,2122,0,EnemyHit,P1,P1Enemy,175,24.31,None,None
0,2122,0,EnemyHit,P1,P1Enemy,175,24.31,None,None
0,2122,0,EnemyHit,P1,P1Enemy,175,24.31,None,None
0,2122,0,EnemyHit,P1,P1Enemy,175,24.31,None,None
0,2122,0,EnemyHit,P1,P1Enemy,175,24.31,None,None
0,2122,1,EnemyKill,P1,P1Enemy,175,24.33,None,None
0,2122,1,EnemyHit,P1,P1Enemy,175,24.33,None,None
0,2122,1,EnemyHit,P1,P1Enemy,175,24.33,None,None
0,2122,1,EnemyHit,P1,P1Enemy,175,24.33,None,None
0,2122,1,EnemyHit,P1,P1Enemy,175,24.33,None,None
0,2122,1,EnemyHit,P1,P1Enemy,175,24.33,None,None
0,2122,1,EnemyHit,P1,P1Enemy,175,24.33,None,None
0,2122,1,EnemyHit,P1,P1Enemy,175,24.33,None,None
0,2122,1,EnemyHit,P1,P1Enemy,175,24.35,None,None
0,2122,1,EnemyHit,P1,P1Enemy,175,24.35,None,None
0,2122,1,EnemyHit,P1,P1Enemy,175,24.35,None,None
0,2122,1,EnemyHit,P1,P1Enemy,175,24.35,None,None
0,2122,1,EnemyHit,P1,P1Enemy,175,24.35,None,None
0,2122,1,EnemyHit,P1,P1Enemy,175,24.35,None,None
0,2122,1,EnemyHit,P1,P1Enemy,175,24.35,None,None
0,2122,1,EnemyHit,P1,P1Enemy,175,24.35,None,None
0,2122,2,EnemyKill,P1,P1Enemy,175,24.38,None,None
0,2122,2,EnemyHit,P1,P1Enemy,175,24.38,None,None
0,2122,2,EnemyHit,P1,P1Enemy,175,24.38,None,None
0,2122,2,EnemyHit,P1,P1Enemy,175,24.38,None,None
0,2122,3,EnemyKill,P1,P1Enemy,175,24.38,None,None
0,2122,3,EnemyHit,P1,P1Enemy,175,24.38,None,None
0,2122,3,EnemyHit,P1,P1Enemy,175,24.38,None,None
0,2122,3,EnemyHit,P1,P1Enemy,175,24.40,None,None
0,2122,3,EnemyHit,P1,P1Enemy,175,24.40,None,None
0,2122,3,EnemyHit,P1,P1Enemy,175,24.43,None,None
0,2122,3,EnemyHit,P1,P1Enemy,175,24.43,None,None
0,2122,3,EnemyHit,P1,P1Enemy,175,24.43,None,None
0,2122,3,EnemyHit,P1,P1Enemy,175,24.43,None,None
0,2122,3,EnemyHit,P1,P1Enemy,175,24.43,None,None
0,2122,3,EnemyHit,P1,P1Enemy,175,24.43,None,None
0,2122,3,EnemyHit,P1,P1Enemy,175,24.43,None,None
0,2122,3,EnemyHit,P1,P1Enemy,175,24.43,None,None
0,2122,3,EnemyHit,P1,P1Enemy,175,24.45,None,None
0,2122,3,EnemyHit,P1,P1Enemy,175,24.45,None,None
0,2122,3,EnemyHit,P1,P1Enemy,175,24.45,None,None
0,2122,3,EnemyHit,P1,P1Enemy,175,24.45,None,None
0,2122,3,EnemyHit,P1,P1Enemy,175,24.48,None,None
0,2122,3,EnemyHit,P1,P1Enemy,175,24.48,None,None
0,2122,3,EnemyHit,P1,P1Enemy,175,24.48,None,None
0,2122,3,EnemyHit,P1,P1Enemy,175,24.48,None,None
0,2122,3,EnemyHit,P1,P1Enemy,175,24.48,None,None
0,2122,3,EnemyHit,P1,P1Enemy,175,24.53,None,None
0,2122,3,EnemyHit,P1,P1Enemy,175,24.55,None,None
0,2122,3,EnemyHit,P1,P1Enemy,175,24.55,None,None
0,2122,3,EnemyHit,P1,P1Enemy,175,24.58,None,None
0,2122,3,EnemyHit,P1,P1Enemy,175,24.60,None,None
0,2122,3,EnemyHit,P1,P1Enemy,175,24.60,None,None
0,2122,3,EnemyHit,P1,P1Enemy,176,24.64,None,None
0,2122,3,EnemyHit,P1,P1Enemy,176,24.64,None,None
0,2122,3,EnemyHit,P1,P1Enemy,176,24.64,None,None
0,2122,3,EnemyHit,P1,P1Enemy,176,24.63,None,None
0,2122,3,EnemyHit,P2,P2Enemy,176,24.62,None,None
0,2122,3,EnemyHit,P1,P1Enemy,176,24.59,None,None
0,2122,3,EnemyHit,P1,P1Enemy,176,24.58,None,None
0,2122,3,EnemyHit,P2,P2Enemy,176,24.56,None,None
0,2122,3,SecondaryAttack,P2,P2Enemy,176,24.55,None,None
0,2122,3,EnemyHit,P2,P2Enemy,176,24.54,None,None
0,2122,3,EnemyHit,P2,P2Enemy,176,24.54,None,None
0,2122,3,EnemyHit,P2,P2Enemy,176,24.53,None,None
0,2122,3,EnemyHit,P2,P2Enemy,176,24.52,None,None
0,2122,3,EnemyHit,P2,P2Enemy,176,24.52,None,None
0,2122,3,EnemyHit,P2,P2Enemy,176,24.52,None,None
0,2122,3,EnemyHit,P2,P2Enemy,176,24.52,None,None
0,2122,3,EnemyHit,P2,P2Enemy,176,24.51,None,None
0,2122,3,EnemyHit,P2,P2Enemy,176,24.51,None,None
0,2122,3,EnemyHit,P2,P2Enemy,176,24.51,None,None
0,2122,3,EnemyHit,P2,P2Enemy,176,24.50,None,None
0,2122,3,EnemyHit,P2,P2Enemy,176,24.50,None,None
0,2122,3,EnemyHit,P2,P2Enemy,176,24.50,None,None
0,2122,3,EnemyHit,P2,P2Enemy,176,24.49,None,None
0,2122,3,EnemyHit,P2,P2Enemy,176,24.49,None,None
0,2122,4,EnemyKill,P2,P2Enemy,176,24.49,None,None
0,2122,4,EnemyHit,P2,P2Enemy,176,24.49,None,None
0,2122,4,EnemyHit,P2,P2Enemy,176,24.49,None,None
0,2122,4,BulletMiss,P2,P2Enemy,176,24.48,None,None
0,2122,4,EnemyHit,P2,P2Enemy,176,24.48,None,None
0,2122,4,EnemyHit,P2,P2Enemy,176,24.48,None,None
0,2122,4,EnemyHit,P2,P2Enemy,176,24.48,None,None
0,2122,4,EnemyHit,P2,P2Enemy,176,24.48,None,None
0,2122,4,EnemyHit,P2,P2Enemy,176,24.47,None,None
0,2122,4,EnemyHit,P2,P2Enemy,176,24.47,None,None
0,2122,5,EnemyKill,P2,P2Enemy,176,24.47,None,None
0,2122,5,EnemyHit,P2,P2Enemy,176,24.47,None,None
0,2122,5,EnemyHit,P2,P2Enemy,176,24.46,None,None
0,2122,5,EnemyHit,P2,P2Enemy,176,24.46,None,None
0,2122,5,EnemyHit,P2,P2Enemy,177,24.42,None,None
0,2122,5,EnemyHit,P2,P2Enemy,177,24.42,None,None
0,2122,5,EnemyHit,P2,P2Enemy,177,24.38,None,None
0,2122,5,EnemyHit,P2,P2Enemy,177,24.38,None,None
0,2122,5,EnemyHit,P1,P1Enemy,177,24.33,None,None
0,2152,6,EnemyKill,P2,P2Enemy,178,24.27,None,None
0,2152,7,EnemyKill,P1,P1Enemy,178,24.17,None,None
0,2152,7,EnemyHit,P2,P2Enemy,178,24.16,None,None
0,2201,7,EnemyHit,P2,P2Enemy,178,24.14,None,None
0,2201,7,EnemyHit,P2,P2Enemy,178,24.14,None,None
0,2208,7,BulletMiss,P2,P2Enemy,178,24.13,None,None
0,2208,7,EnemyHit,P2,P2Enemy,178,24.13,None,None
0,2208,7,EnemyHit,P2,P2Enemy,178,24.13,None,None
0,2208,7,EnemyHit,P2,P2Enemy,178,24.13,None,None
0,2250,7,EnemyHit,P2,P2Enemy,178,24.11,None,None
0,2278,7,EnemyHit,P2,P2Enemy,178,24.11,None,None
0,2292,7,EnemyHit,P2,P2Enemy,179,24.10,None,None
0,2292,7,EnemyHit,P2,P2Enemy,179,24.08,None,None
0,2292,8,EnemyKill,P1,P1Enemy,179,24.04,None,None
0,2292,8,BulletMiss,P1,P1Enemy,179,24.06,None,None
0,2292,8,EnemyHit,P2,P2Enemy,179,24.04,None,None
0,2292,8,EnemyHit,P2,P2Enemy,179,24.04,None,None
0,2292,8,EnemyHit,P2,P2Enemy,179,24.00,None,None
0,2292,8,EnemyHit,P2,P2Enemy,179,24.00,None,None
0,2292,8,BulletMiss,P2,P2Enemy,179,24.00,None,None
0,2292,8,EnemyHit,P2,P2Enemy,179,23.97,None,None
0,2292,8,EnemyHit,P2,P2Enemy,179,23.96,None,None
0,2292,8,EnemyHit,P2,P2Enemy,179,23.96,None,None
0,2292,8,EnemyHit,P2,P2Enemy,179,23.96,None,None
0,2292,8,EnemyHit,P2,P2Enemy,179,23.96,None,None
0,2292,9,EnemyKill,P1,P1Enemy,179,23.93,None,None
0,2292,9,End,None,None,180,0.00,None,None
